CASE_ID,ACCIDENT_YEAR,PROC_DATE,JURIS,COLLISION_DATE,COLLISION_TIME,OFFICER_ID,REPORTING_DISTRICT,DAY_OF_WEEK,CHP_SHIFT,POPULATION,CNTY_CITY_LOC,SPECIAL_COND,BEAT_TYPE,CHP_BEAT_TYPE,CITY_DIVISION_LAPD,CHP_BEAT_CLASS,BEAT_NUMBER,PRIMARY_RD,SECONDARY_RD,DISTANCE,DIRECTION,INTERSECTION,WEATHER_1,WEATHER_2,STATE_HWY_IND,CALTRANS_COUNTY,CALTRANS_DISTRICT,STATE_ROUTE,ROUTE_SUFFIX,POSTMILE_PREFIX,POSTMILE,LOCATION_TYPE,RAMP_INTERSECTION,SIDE_OF_HWY,TOW_AWAY,COLLISION_SEVERITY,NUMBER_KILLED,NUMBER_INJURED,PARTY_COUNT,PRIMARY_COLL_FACTOR,PCF_CODE_OF_VIOL,PCF_VIOL_CATEGORY,PCF_VIOLATION,PCF_VIOL_SUBSECTION,HIT_AND_RUN,TYPE_OF_COLLISION,MVIW,PED_ACTION,ROAD_SURFACE,ROAD_COND_1,ROAD_COND_2,LIGHTING,CONTROL_DEVICE,CHP_ROAD_TYPE,PEDESTRIAN_ACCIDENT,BICYCLE_ACCIDENT,MOTORCYCLE_ACCIDENT,TRUCK_ACCIDENT,NOT_PRIVATE_PROPERTY,ALCOHOL_INVOLVED,STWD_VEHTYPE_AT_FAULT,CHP_VEHTYPE_AT_FAULT,COUNT_SEVERE_INJ,COUNT_VISIBLE_INJ,COUNT_COMPLAINT_PAIN,COUNT_PED_KILLED,COUNT_PED_INJURED,COUNT_BICYCLIST_KILLED,COUNT_BICYCLIST_INJURED,COUNT_MC_KILLED,COUNT_MC_INJURED,PRIMARY_RAMP,SECONDARY_RAMP,LATITUDE,LONGITUDE,COUNTY,CITY,POINT_X,POINT_Y
93395132,2024,2024-08-02,9425,2024-05-31,1709,016886,,5,2,9,5500,0,3,5,,1,004,"BONDS FLAT ROAD","LA GRANGE ROAD",838.00,S,N,A,-,N,,,,,,,,,,Y,1,4,0,2,A,-,05,21460,A,N,A,C,A,A,H,-,A,A,0,,,,,Y,,D,22,0,0,0,0,0,0,0,0,0,"- ","- ",37.714859008789062,-120.4427490234375,TUOLUMNE,UNINCORPORATED,-120.44273376464844,37.714893341064453
90583521,2017,2017-10-31,9425,2017-10-29,2325,016812,,7,3,9,5500,0,1,3,,2,013,SR-49,"MAIN ST",28.00,S,N,A,-,Y,,,49,,,,,,,Y,2,0,3,2,A,-,01,23152,A,N,C,C,A,A,D,-,C,D,0,,,,,Y,Y,A,01,1,2,0,0,0,0,0,0,0,"- ","- ",37.951030000000003,-120.42468,TUOLUMNE,UNINCORPORATED,-120.42466829999999,37.95102893
90589479,2017,2017-11-07,9425,2017-10-16,1545,019785,,1,2,9,5500,0,1,3,,2,031,"STATE ROUTE 108","ARGYLE RD",245.00,E,N,A,-,Y,,,108,,,,,,,Y,2,0,1,1,A,-,08,22107,,N,E,I,A,A,H,-,A,B,0,,,,,Y,,D,22,1,0,0,0,0,0,0,0,0,"- ","- ",37.981900000000003,-120.2946,TUOLUMNE,UNINCORPORATED,-120.29464096,37.98202002
90861106,2018,2018-11-15,9425,2018-11-10,2215,016812,,6,3,9,5500,0,3,5,,2,003,"JOAQUIN GULLY RD","MOUNTAIN DR",375.00,N,N,A,-,N,,,,,,,,,,Y,2,0,2,1,A,-,01,23152,A,N,E,I,A,A,H,-,D,D,0,,,,,Y,Y,D,22,1,1,0,0,0,0,0,0,0,"- ","- ",38.046440124511719,-120.23336791992188,TUOLUMNE,UNINCORPORATED,-120.23357391357422,38.046566009521484
91296088,2020,2020-08-31,9425,2020-08-22,2330,018251,,6,3,9,5500,0,3,5,,2,001,"SHELL RD","OLD MELONES RD",528.00,S,N,F,-,N,,,,,,,,,,N,2,0,1,1,A,-,08,22107,,N,F,A,A,A,H,-,D,D,0,,,Y,,Y,,C,06,1,0,0,0,0,0,0,0,1,"- ","- ",37.948200225830078,-120.46160125732422,TUOLUMNE,UNINCORPORATED,-120.46123504638672,37.949520111083984
90557496,2017,2017-09-27,9425,2017-08-02,0050,018251,,3,3,9,5500,0,1,3,,2,031,"STATE ROUTE 108 W/B","BALD MTN HELIPORT RD",6336.00,W,N,A,-,Y,,,108,,,,,,W,Y,1,1,1,1,A,-,01,23152,A,N,F,A,A,A,H,-,D,D,0,,,,,Y,Y,D,22,0,1,0,0,0,0,0,0,0,"- ","- ",38.122920000000001,-120.11245,TUOLUMNE,UNINCORPORATED,-120.11247145,38.12294473
90018401,2015,2015-10-19,9425,2015-09-05,2110,018965,,6,2,9,5500,0,1,3,,2,041,SR-120,"MERRELL RD",299.00,E,N,A,-,Y,,,120,,,,,,,Y,2,0,1,1,A,-,01,23152,A,N,E,I,A,A,H,-,D,D,0,,,,,Y,Y,D,22,1,0,0,0,0,0,0,0,0,"- ","- ",37.836329999999997,-120.23820000000001,TUOLUMNE,UNINCORPORATED,-120.23815558,37.836247999999998
90403949,2017,2017-03-01,9425,2017-02-28,1500,018544,,2,2,9,5500,0,3,5,,2,002,"WARDS FERRY RD","POWELL RANCH RD",7920.00,S,N,A,-,N,,,,,,,,,,N,2,0,1,2,A,-,09,21661,,N,H,G,A,A,E,-,A,D,0,,Y,,,Y,,L,04,1,0,0,0,0,0,1,0,0,"- ","- ",37.876309999999997,-120.29935,TUOLUMNE,UNINCORPORATED,-120.30143215,37.875092819999999
6740065,2015,2015-05-26,9425,2015-03-13,1625,018544,,5,2,9,5500,0,1,3,,2,031,"RT 108","TWAIN HARTE DR EAST",0.00,,Y,A,-,Y,TUO,10,108,-,R,9.583,I,5,W,Y,1,1,2,2,A,-,09,21801,A,N,D,C,A,A,H,-,A,D,0,,,,,Y,,A,01,0,1,1,0,0,0,0,0,0,"- ","- ",38.039029999999997,-120.21854,TUOLUMNE,UNINCORPORATED,-120.24677603000001,38.019840350000003
90191657,2016,2016-06-02,9425,2016-05-28,1415,019297,,6,2,9,5500,0,1,3,,2,031,"RT 108","COFFILL RD",194.00,E,N,A,-,Y,,,108,,,,,,,Y,2,0,1,1,A,-,08,22107,,N,E,I,A,A,H,-,A,D,0,,,,,Y,,A,07,1,0,0,0,0,0,0,0,0,"- ","- ",38.046610000000001,-120.20447,TUOLUMNE,UNINCORPORATED,-120.20450231,38.046648509999997
90762366,2018,2018-07-03,9425,2018-06-26,1315,017058,,2,1,9,5500,0,1,3,,2,022,"STATE ROUTE 49","SPRINGFIELD ROAD",15.00,S,N,A,-,Y,,,,,,,,,,Y,2,0,1,1,A,-,08,22107,,N,F,A,A,A,H,-,A,D,0,,,,,Y,,A,01,1,0,0,0,0,0,0,0,0,"- ","- ",38.041019439697266,-120.02539825439453,TUOLUMNE,UNINCORPORATED,-120.41791534423828,38.011444091796875
6723921,2014,2015-01-30,9425,2014-12-01,1650,018544,,1,2,9,5500,0,2,4,,2,024,"TUOLUMNE RD","WARDS FERRY RD",528.00,W,N,A,-,N,,,,,,,,,,N,2,0,1,2,A,-,11,21953,,N,G,B,E,A,H,-,B,D,0,Y,,,,Y,,N,60,1,0,0,0,1,0,0,0,0,"- ","- ",37.959650000000003,-120.32263,TUOLUMNE,UNINCORPORATED,-120.32261529,37.959568249999997
90762045,2018,2018-07-03,9425,2018-06-24,2040,018559,,7,2,9,5500,0,2,4,,2,014,"LA GRANGE RD","JASPER RD",600.00,N,N,A,-,N,,,,,,,,,,N,2,0,2,2,A,-,08,22107,,N,D,C,A,A,H,-,C,D,0,,,Y,,Y,,C,03,2,0,0,0,0,0,0,0,2,"- ","- ",37.835739135742188,-120.50363922119141,TUOLUMNE,UNINCORPORATED,-120.50346374511719,37.835651397705078
91150623,2019,2019-12-23,9425,2019-12-04,1625,019657,,3,2,9,5500,0,1,3,,2,011,"SR-108 W/B","TULLOCH RD",2420.00,E,N,C,-,Y,,,,,,,,,,Y,2,0,1,1,A,-,08,22107,,N,F,A,A,B,H,-,D,D,0,,,,,Y,,A,01,1,0,0,0,0,0,0,0,0,"- ","- ",37.843639373779297,-120.61969757080078,TUOLUMNE,UNINCORPORATED,-120.61988830566406,37.843547821044922
92361079,2024,2024-04-10,9425,2024-03-28,2200,021474,,4,3,9,5500,0,2,4,,2,014,"LA GRANGE RD","PASEO SEVEN LEGENDS",4224.00,N,N,A,-,N,,,,,,,,,,Y,2,0,1,1,A,-,08,22107,,N,E,8,A,A,H,-,D,D,0,,,,,Y,,D,22,1,0,0,0,0,0,0,0,0,"- ","- ",37.737930297851562,-120.44840240478516,TUOLUMNE,UNINCORPORATED,-120.44916534423828,37.739036560058594
94396781,2024,2024-09-17,9425,2024-09-03,1640,017403,,2,2,9,5500,0,1,3,,2,041,SR-120,"PRIEST COULTERVILLE RD",1584.00,E,N,A,-,Y,TUO,,120," "," ",29.539,H,,R,N,2,0,1,1,A,-,08,22107,,N,F,A,A,A,H,-,A,D,0,,,Y,,Y,,-,"- ",1,0,0,0,0,0,0,0,1,"- ","- ",37.816539764404297,-120.26866912841797,TUOLUMNE,UNINCORPORATED,-120.26876068115234,37.816574096679688
92045308,2023,2023-05-31,9425,2023-04-13,1308,018251,,4,1,9,5500,0,1,3,,2,011,"STATE ROUTE 120","JACKSONVILLE RD",4752.00,E,N,A,-,Y,TUO,,120," ",R,22.688,H,,R,Y,1,1,1,1,A,-,08,22107,,N,E,I,A,A,H,-,A,D,0,,,,,Y,,A,01,0,1,0,0,0,0,0,0,0,"- ","- ",37.822891235351562,-120.331298828125,TUOLUMNE,UNINCORPORATED,-120.33137512207031,37.822776794433594
91562259,2021,2021-09-03,9425,2021-08-25,1253,016921,,3,1,9,5500,0,1,3,,2,031,SR-108,"COFFILL ROAD",394.00,E,N,A,-,Y,,,108,,,,,,,Y,2,0,1,1,A,-,08,22107,,N,E,I,A,A,H,-,A,D,0,,,,,Y,,A,07,1,0,0,0,0,0,0,0,0,"- ","- ",38.047359466552734,-120.20896911621094,TUOLUMNE,UNINCORPORATED,-120.208984375,38.046749114990234
91748848,2022,2022-04-15,9425,2022-04-02,1855,019657,TUOLU,6,2,9,5500,0,3,5,,2,003,"BAY AVE","CHERRY VALLEY BLVD",36.00,W,N,A,-,N,,,,,,,,,,N,2,0,1,1,A,-,03,22350,,N,E,I,A,A,H,-,B,A,0,,,,,Y,,A,07,1,0,0,0,0,0,0,0,0,"- ","- ",37.961311340332031,-120.24060821533203,TUOLUMNE,UNINCORPORATED,-120.24050140380859,37.961277008056641
91776147,2022,2022-05-19,9425,2022-05-12,1220,016886,,4,1,9,5500,0,1,3,,2,042,"STATE ROUTE 120","GOLDEN ARROW ROAD",4752.00,W,N,A,-,Y,TUO,,120,,R,53.249,H,,R,Y,2,0,1,1,A,-,08,22107,,N,F,A,A,A,H,-,A,D,0,,,,,Y,,A,01,1,0,0,0,0,0,0,0,0,"- ","- ",37.822299957275391,-119.91571807861328,TUOLUMNE,UNINCORPORATED,-119.91572570800781,37.822273254394531
90844036,2018,2018-10-24,9425,2018-10-14,1255,017461,,7,1,9,5500,0,3,5,,1,004,"WARDS FERRY RD","THIEL RD",1584.00,N,N,A,-,Y,,,,,,,,,,Y,2,0,1,1,A,-,01,23152,A,N,E,I,A,A,H,-,A,D,0,,,,,Y,Y,A,07,1,0,0,0,0,0,0,0,0,"- ","- ",37.851398468017578,-120.24790191650391,TUOLUMNE,UNINCORPORATED,-120.25239562988281,37.853977203369141
92397391,2024,2024-05-23,9425,2024-05-20,"148 ",021468,,1,3,9,5500,0,2,4,,2,014,"LA GRANGE ROAD","OLD DON PEDRO ROAD",3168.00,S,N,A,-,N,,,,,,,,,,Y,2,0,1,1,A,-,01,23152,A,N,E,I,A,A,H,-,D,D,0,,,,,Y,Y,A,01,1,0,0,0,0,0,0,0,0,"- ","- ",37.817409515380859,-120.47255706787109,TUOLUMNE,UNINCORPORATED,-120.47261047363281,37.817543029785156
91657928,2021,2021-12-21,9425,2021-12-11,0740,016886,,6,1,9,5500,0,3,5,,1,004,"MERRELL ROAD","VERNAL DRIVE",792.00,S,N,A,-,N,,,,,,,,,,N,2,0,1,1,A,-,01,23152,A,N,E,I,A,A,H,-,A,D,0,,,,,Y,Y,D,22,1,0,0,0,0,0,0,0,0,"- ","- ",37.823101043701172,-120.23209381103516,TUOLUMNE,UNINCORPORATED,-120.23197174072266,37.822933197021484
91665840,2021,2021-12-29,9425,2021-12-17,1757,019657,,5,2,9,5500,0,2,4,,2,026,"MONO WAY","SULLIVAN CREEK ROAD",56.00,W,N,E,-,N,,,,,,,,,,Y,2,0,2,3,A,-,01,23152,A,N,D,E,A,B,H,-,C,D,0,,,,,Y,Y,A,01,2,0,0,0,0,0,0,0,0,"- ","- ",37.975639343261719,-120.34944152832031,TUOLUMNE,UNINCORPORATED,,
6666122,2014,2014-12-18,9425,2014-10-13,1606,018544,,1,2,9,5500,0,1,3,,2,011,"LA GRANGE RD","RT 120",50.00,S,N,A,-,Y,,,,,,,,,,Y,2,0,1,1,A,-,03,22350,,N,F,A,A,A,H,-,A,D,0,,,Y,,Y,,C,02,1,0,0,0,0,0,0,0,1,"- ","- ",37.843130000000002,-120.50812000000001,TUOLUMNE,UNINCORPORATED,,
6801628,2015,2015-03-05,9425,2015-02-06,2030,16886,,5,2,9,5500,0,3,5,,1,004,"MARSHES FLAT RD","MOCCASIN RANCH RD",1056.00,S,N,B,C,N,,,,,,,,,,Y,2,0,1,1,A,-,03,22350,,N,F,A,A,B,H,-,D,D,0,,,,,Y,,D,22,1,0,0,0,0,0,0,0,0,"- ","- ",37.756709999999998,-120.32632,TUOLUMNE,UNINCORPORATED,-120.33005514,37.762699150000003
90407382,2017,2017-03-07,9425,2017-03-05,0725,018251,,7,1,9,5500,0,3,5,,2,003,"CHEROKEE RD","TUOLUMNE RD",600.00,N,N,B,C,N,,,,,,,,,,Y,2,0,1,1,A,-,03,22350,,N,E,I,A,B,H,-,A,D,0,,,,,Y,,D,22,1,0,0,0,0,0,0,0,0,"- ","- ",37.963830000000002,-120.26464,TUOLUMNE,UNINCORPORATED,-120.26469007999999,37.96371869
90811725,2018,2018-09-25,9425,2018-09-01,1110,014725,,6,1,9,5500,0,1,3,,2,011,"STATE ROUTE 120 EASTBOUND","GREEN SPRINGS ROAD",15312.00,W,N,A,-,Y,,,120,,,,,,E,Y,2,0,3,1,A,-,08,22107,,N,E,I,A,A,H,-,A,D,0,,,,,Y,,A,07,3,0,0,0,0,0,0,0,0,"- ","- ",37.847400665283203,-120.57904052734375,TUOLUMNE,UNINCORPORATED,-120.57896423339844,37.84771728515625
91735960,2021,2022-03-29,9425,2021-07-02,1625,019657,,5,2,9,5500,0,3,5,,2,001,"RAWHIDE RD","PULPIT ROCK RD",1385.00,N,N,A,-,N,,,,,,,,,,Y,1,1,1,1,A,-,01,23152,F,N,E,I,A,A,H,-,A,D,0,,,,,Y,,A,01,1,0,0,0,0,0,0,0,0,"- ","- ",37.960720062255859,-120.42542266845703,TUOLUMNE,UNINCORPORATED,-120.42533874511719,37.960540771484375
91589742,2021,2021-10-06,9425,2021-10-04,0908,016921,,1,1,9,5500,0,1,3,,1,021,SR-108,"OLD WARDS FERRY ROAD",1056.00,E,N,A,-,Y,,,108,,,,,,,N,2,0,1,2,A,-,11,21954,A,N,G,B,D,A,H,-,A,D,0,Y,,,,Y,,N,60,1,0,0,0,1,0,0,0,0,"- ","- ",37.971908569335938,-120.36289978027344,TUOLUMNE,UNINCORPORATED,-120.36289215087891,37.971893310546875
92422022,2023,2024-06-24,9425,2023-11-04,1635,019287,,6,2,9,5500,0,1,3,,1,021,SR-108,"SOUTH WASHINGTON ST",0.00,,Y,A,-,Y,TUO,,108," ",R,0.912,H,,R,Y,1,2,0,3,A,-,12,21453,A,N,D,C,A,A,H,-,A,A,0,,,Y,,Y,Y,C,02,0,0,0,0,0,0,0,2,0,"- ","- ",37.967861175537109,-120.37843322753906,TUOLUMNE,UNINCORPORATED,-120.37837219238281,37.967800140380859
8043758,2016,2016-05-24,5501,2016-01-13,1856,JM4,5501,3,5,2,5501,0,0,0,,0,002,"RESTANO WY","SOUTH WASHINGTON ST",49.00,E,N,A,-,N,,,,,,,,,,N,2,0,1,2,A,-,11,21954,A,N,G,B,D,A,H,-,C,D,0,Y,,,,Y,Y,N,60,1,0,0,0,1,0,0,0,0,"- ","- ",37.976590000000002,-120.37994999999999,TUOLUMNE,SONORA,-120.37979695999999,37.976637969999999
90608144,2017,2017-12-01,9425,2017-11-25,1115,014725,,6,1,9,5500,0,2,4,,2,014,"LA GRANGE ROAD","GREEN SPRINGS ROAD",10.00,N,N,B,-,N,,,,,,,,,,N,2,0,1,1,A,-,08,22107,,N,F,A,A,A,H,-,A,D,0,,,Y,,Y,,C,02,1,0,0,0,0,0,0,0,1,"- ","- ",37.838180000000001,-120.50726,TUOLUMNE,UNINCORPORATED,-120.50731623,37.83825701
90471614,2017,2017-06-06,9425,2017-05-27,1215,017058,,6,1,9,5500,0,1,3,,2,022,"STATE ROUTE 49","SHAWS FLAT ROAD",0.00,,Y,A,-,Y,,,,,,,,,,Y,2,0,11,2,A,-,09,21801,A,N,D,C,A,A,H,-,A,D,0,,,,,Y,,A,07,2,1,8,0,0,0,0,0,0,"- ","- ",,,TUOLUMNE,UNINCORPORATED,-120.40396990000001,38.011579910000002
91103140,2019,2019-10-22,9425,2019-10-13,0050,015963,,7,3,9,5500,0,1,3,,1,021,SR-108,"OLD WARDS FERRY ROAD",1056.00,W,N,A,-,Y,,,108,,,,,,,Y,2,0,2,2,D,-,00,,,N,A,C,A,A,H,-,D,D,0,,,,,Y,,-,"- ",1,1,0,0,0,0,0,0,0,"- ","- ",37.969871520996094,-120.370849609375,TUOLUMNE,UNINCORPORATED,-120.370849609375,37.969890594482422
91541571,2021,2021-08-10,9425,2021-08-01,2040,018559,,7,2,9,5500,0,1,3,,2,022,SR-49,"JACKASS HILL RD",528.00,S,N,A,-,Y,,,49,,,,,,,Y,2,0,1,1,A,-,08,22107,,N,E,I,A,A,H,-,D,D,0,,,Y,,Y,,C,02,1,0,0,0,0,0,0,0,1,"- ","- ",37.989151000976562,-120.47247314453125,TUOLUMNE,UNINCORPORATED,-120.47246551513672,37.989189147949219
91855554,2022,2022-09-01,9425,2022-08-23,0225,016812,,2,3,9,5500,0,1,3,,2,013,SR-49,"SIERRA ROCK RD",30.00,S,N,A,-,Y,TUO,,49,,,12.125,H,,R,Y,2,0,1,1,A,-,08,22107,,N,F,0,A,A,D,-,D,A,0,,,Y,,Y,Y,C,02,1,0,0,0,0,0,0,0,1,"- ","- ",37.925628662109375,-120.44651031494141,TUOLUMNE,UNINCORPORATED,-120.44644927978516,37.925613403320312
6878137,2015,2016-09-13,9425,2015-03-21,2050,17182,,6,2,9,5500,0,1,3,,2,031,"RT 108","PELA CUT OFF",0.00,,Y,A,-,Y,TUO,10,108,-,-,14.450,I,5,W,Y,2,0,1,2,A,-,01,23152,A,N,D,C,A,A,H,-,C,D,0,,,Y,,Y,Y,C,02,1,0,0,0,0,0,0,0,1,"- ","- ",38.060870000000001,-120.19983000000001,TUOLUMNE,UNINCORPORATED,-120.1996025,38.061175130000002
90621214,2017,2017-12-20,9425,2017-11-30,1445,017461,,4,2,9,5500,0,1,3,,2,013,SR-49,"MAIN ST",0.00,,Y,A,-,Y,,,49,,,,,,,Y,2,0,1,1,A,-,08,22107,,N,F,A,A,A,H,-,A,D,0,,,Y,,Y,,C,02,1,0,0,0,0,0,0,0,1,"- ","- ",37.956299999999999,-120.4218,TUOLUMNE,UNINCORPORATED,-120.42188207,37.956458730000001
91217813,2019,2020-03-27,9425,2019-07-20,2320,018822,,6,3,9,5500,0,3,5,,2,003,"KEWIN MILL RD","HIGH GRADE LN",400.00,N,N,A,-,N,,,,,,,,,,Y,2,0,2,1,A,-,01,23152,A,N,E,I,A,A,H,-,D,D,0,,,,,Y,Y,A,07,2,0,0,0,0,0,0,0,0,"- ","- ",38.047698974609375,-120.26512908935547,TUOLUMNE,UNINCORPORATED,-120.26502227783203,38.047477722167969
91546238,2021,2021-08-16,9425,2021-08-08,1540,017403,,7,2,9,5500,0,3,5,,1,004,"BONDS FLAT RD","LAGRANGE RD",0.00,,Y,A,-,N,,,,,,,,,,Y,2,0,1,2,A,-,09,21802,A,N,D,C,A,A,H,-,A,A,0,,,Y,,Y,,A,07,1,0,0,0,0,0,0,0,1,"- ","- ",37.716670989990234,-120.44441986083984,TUOLUMNE,UNINCORPORATED,-120.44434356689453,37.716758728027344
91954111,2022,2022-12-28,9425,2022-08-05,0515,020575,,5,3,9,5500,0,2,4,,2,014,"LA GRANGE ROAD","STATE ROUTE 108",189.00,S,N,B,C,Y,,,,,,,,,,Y,1,1,0,1,A,-,08,22107,,N,E,I,A,B,H,-,D,D,0,,,,,Y,Y,D,22,0,0,0,0,0,0,0,0,0,"- ","- ",37.842708587646484,-120.50778961181641,TUOLUMNE,UNINCORPORATED,-120.50772094726562,37.842922210693359
91024314,2019,2020-03-02,9425,2019-06-22,0030,019287,,6,3,9,5500,0,1,3,,1,021,SR-108,"SOUTH WASHINGTON ST",111.00,W,N,A,-,Y,,,108,,,,,,,Y,2,0,2,2,A,-,09,21804,A,N,F,A,A,A,H,-,C,D,0,,,Y,,Y,Y,J,48,1,1,0,0,0,0,0,0,1,"- ","- ",37.96759033203125,-120.37872314453125,TUOLUMNE,UNINCORPORATED,-120.37873840332031,37.967613220214844
91826025,2021,2022-07-27,9425,2021-11-14,0230,018251,,7,3,9,5500,0,1,3,,2,011,"STATE ROUTE 120","GREEN SPRINGS ROAD",3168.00,W,N,E,-,Y,,,120,,,,,,,Y,1,1,0,1,A,-,01,23152,A,N,E,I,A,A,H,-,D,D,0,,,,,Y,Y,A,01,0,0,0,0,0,0,0,0,0,"- ","- ",37.843379974365234,-120.53295135498047,TUOLUMNE,UNINCORPORATED,-120.53294372558594,37.843418121337891
92090446,2023,2023-06-09,9425,2023-06-03,1051,016886,,6,1,9,5500,0,1,3,,1,043,"STATE ROUTE 49","TUOLUMNE/MARIPOSA COUNTY LINE",2904.00,N,N,A,-,Y,TUO,,49," "," ",0.650,H,,R,N,2,0,1,1,A,-,08,22107,,N,F,A,A,A,H,-,A,A,0,,,Y,,Y,,C,02,1,0,0,0,0,0,0,0,1,"- ","- ",37.758419036865234,-120.25106048583984,TUOLUMNE,UNINCORPORATED,-120.25108337402344,37.758392333984375
93686545,2024,2024-08-06,9425,2024-01-28,1955,015963,,7,2,9,5500,0,2,4,,2,026,"MONO WAY","CORDELIA AVE",60.00,E,N,A,-,N,,,,,,,,,,N,1,1,0,2,A,-,11,21954,A,N,G,B,E,A,H,-,D,D,0,Y,,,,Y,,N,60,0,0,0,1,0,0,0,0,0,"- ","- ",37.978378295898438,-120.33872985839844,TUOLUMNE,UNINCORPORATED,-120.33878326416016,37.978450775146484
8519702,2017,2018-01-03,5501,2017-10-29,0926,EW1,5501,7,5,2,5501,0,0,0,,0,001,"SANGUINETTI RD","OLD WARDS FERRY RD",1930.00,E,N,A,-,N,,,,,,,,,,N,2,0,1,2,A,-,09,21804,A,N,D,C,A,A,H,-,A,D,0,,,,,Y,,A,07,1,0,0,0,0,0,0,0,0,"- ","- ",37.974060000000001,-120.36333,TUOLUMNE,SONORA,-120.36183032,37.974299940000002
90257876,2016,2016-08-31,9425,2016-08-21,1545,018251,,7,2,9,5500,0,1,3,,2,032,"STATE ROUTE 108","COW CREEK",1584.00,E,N,B,-,Y,,,108,,,,,,,Y,2,0,1,1,C,-,18,,,N,E,J,A,A,H,-,A,D,0,,,,,Y,,-,"- ",1,0,0,0,0,0,0,0,0,"- ","- ",38.235860000000002,-119.99522,TUOLUMNE,UNINCORPORATED,-119.99521715,38.235859120000001
90395534,2017,2017-02-17,9425,2017-02-14,1926,014853,,2,2,9,5500,0,1,3,,2,013,SR-49,"CHICKEN RANCH RD",0.00,,Y,A,-,Y,,,49,,,,,,,Y,2,0,2,2,A,-,09,21802,A,N,A,C,A,A,H,-,C,A,0,,,Y,,Y,,D,22,2,0,0,0,0,0,0,0,2,"- ","- ",37.935180000000003,-120.443,TUOLUMNE,UNINCORPORATED,-120.44302699000001,37.935214219999999
94659794,2025,2025-04-23,9425,2025-04-14,1845,016812,,1,2,9,5500,0,1,3,,2,031,SR-108,"HIDDEN ACRES RD",791.00,W,N,B,-,Y,TUO,,108," "," ",6.547,H,,R,N,2,0,1,1,A,-,01,23152,A,N,F,A,A,A,H,-,A,D,0,,,Y,,Y,Y,C,02,1,0,0,0,0,0,0,0,1,"- ","- ",37.988410949707031,-120.28260040283203,TUOLUMNE,UNINCORPORATED,-120.28263854980469,37.988452911376953
9605812,2023,2023-08-08,5501,2023-01-22,1140,MP1,5501,7,5,2,5501,0,0,0,,0,002,"GREENLEY RD","LYONS BALD MOUNTAIN RD",0.00,,Y,A,-,N,,,,,,,,,,N,2,0,1,1,A,-,03,22350,,N,H,A,A,A,H,-,A,D,0,,,Y,,Y,,C,02,1,0,0,0,0,0,0,0,1,"- ","- ",37.981178283691406,-120.36769866943359,TUOLUMNE,SONORA,-120.37018585205078,37.989433288574219
6783652,2015,2015-05-22,9425,2015-02-27,1505,18965,,5,2,9,5500,0,3,5,,2,003,"STANISLAUS NATIONAL FOREST RD","FOREST ROUTE 3N07",1584.00,W,N,B,-,N,,,,,,,,,,Y,2,0,1,1,A,-,08,22107,,N,F,A,A,B,H,-,A,D,0,,,,,Y,,-,,1,0,0,0,0,0,0,0,0,"- ","- ",38.07367,-120.09909,TUOLUMNE,UNINCORPORATED,-120.09913623,38.073669840000001
92224055,2023,2023-12-22,9425,2023-10-11,1558,020575,,3,2,9,5500,0,1,3,,2,031,SR-108,"BARNWOOD CT",120.00,W,N,A,-,Y,TUO,,108," "," ",5.997,H,,R,Y,2,0,1,2,A,-,09,21804,A,N,D,C,A,A,H,-,A,D,0,,,Y,,Y,,A,07,1,0,0,0,0,0,0,0,1,"- ","- ",37.984779357910156,-120.29039001464844,TUOLUMNE,UNINCORPORATED,-120.29042053222656,37.98480224609375
94669113,2025,2025-04-29,9425,2025-04-22,1210,018821,,2,1,9,5500,0,2,4,,2,034,"TUOLUMNE RD","WOODHAM CARNE RD",95.00,E,N,A,-,N,,,,,,,,,,N,2,0,1,1,A,-,08,22107,,N,E,8,A,A,H,-,A,D,0,,,,,Y,,D,22,1,0,0,0,0,0,0,0,0,"- ","- ",37.963050842285156,-120.28391265869141,TUOLUMNE,UNINCORPORATED,-120.28411865234375,37.963123321533203
8519527,2017,2018-07-05,5501,2017-10-04,1244,JB2,5501,3,5,2,5501,0,0,0,,0,001,"RT 49","S GREEN ST",170.00,W,N,A,-,Y,TUO,10,49,-,-,17.900,H,-,S,N,2,0,2,2,A,-,09,21804,A,N,D,C,A,A,H,-,A,D,0,,,,,Y,,A,01,1,0,1,0,0,0,0,0,0,"- ","- ",37.982799999999997,-120.38330999999999,TUOLUMNE,SONORA,-120.43474999999999,37.874880179999998
90205253,2016,2016-06-20,9425,2016-06-11,1645,019297,,6,2,9,5500,0,3,5,,2,003,"FIR AVENUE","PINE STREET",100.00,W,N,A,-,N,,,,,,,,,,N,2,0,1,1,A,-,03,22350,,N,F,A,A,A,H,-,A,D,0,,,Y,,Y,,C,02,1,0,0,0,0,0,0,0,1,"- ","- ",37.960830000000001,-120.23678,TUOLUMNE,UNINCORPORATED,-120.23776673,37.960590000000003