CASE_ID,ACCIDENT_YEAR,PROC_DATE,JURIS,COLLISION_DATE,COLLISION_TIME,OFFICER_ID,REPORTING_DISTRICT,DAY_OF_WEEK,CHP_SHIFT,POPULATION,CNTY_CITY_LOC,SPECIAL_COND,BEAT_TYPE,CHP_BEAT_TYPE,CITY_DIVISION_LAPD,CHP_BEAT_CLASS,BEAT_NUMBER,PRIMARY_RD,SECONDARY_RD,DISTANCE,DIRECTION,INTERSECTION,WEATHER_1,WEATHER_2,STATE_HWY_IND,CALTRANS_COUNTY,CALTRANS_DISTRICT,STATE_ROUTE,ROUTE_SUFFIX,POSTMILE_PREFIX,POSTMILE,LOCATION_TYPE,RAMP_INTERSECTION,SIDE_OF_HWY,TOW_AWAY,COLLISION_SEVERITY,NUMBER_KILLED,NUMBER_INJURED,PARTY_COUNT,PRIMARY_COLL_FACTOR,PCF_CODE_OF_VIOL,PCF_VIOL_CATEGORY,PCF_VIOLATION,PCF_VIOL_SUBSECTION,HIT_AND_RUN,TYPE_OF_COLLISION,MVIW,PED_ACTION,ROAD_SURFACE,ROAD_COND_1,ROAD_COND_2,LIGHTING,CONTROL_DEVICE,CHP_ROAD_TYPE,PEDESTRIAN_ACCIDENT,BICYCLE_ACCIDENT,MOTORCYCLE_ACCIDENT,TRUCK_ACCIDENT,NOT_PRIVATE_PROPERTY,ALCOHOL_INVOLVED,STWD_VEHTYPE_AT_FAULT,CHP_VEHTYPE_AT_FAULT,COUNT_SEVERE_INJ,COUNT_VISIBLE_INJ,COUNT_COMPLAINT_PAIN,COUNT_PED_KILLED,COUNT_PED_INJURED,COUNT_BICYCLIST_KILLED,COUNT_BICYCLIST_INJURED,COUNT_MC_KILLED,COUNT_MC_INJURED,PRIMARY_RAMP,SECONDARY_RAMP,LATITUDE,LONGITUDE,COUNTY,CITY,POINT_X,POINT_Y
91471606,2021,2021-05-12,9425,2021-03-13,1708,016886,,6,2,9,5500,0,3,5,,1,004,"BONDS FLAT ROAD","BLUE OAKS ROAD",3432.00,E,N,A,-,N,,,,,,,,,,Y,1,1,0,1,A,-,01,23152,A,N,E,I,A,A,H,-,A,D,0,,,Y,,Y,Y,C,02,0,0,0,0,0,0,0,1,0,"- ","- ",37.698200225830078,-120.42807769775391,TUOLUMNE,UNINCORPORATED,,
8795774,2018,2019-02-13,5501,2018-08-16,0204,BN1,5501,4,5,2,5501,0,0,0,,0,001,"E LYONS ST","BALD MOUNTAIN RD",215.00,W,N,A,-,N,,,,,,,,,,Y,2,0,1,1,A,-,01,23152,A,N,E,I,A,A,H,-,D,D,0,,,,,Y,Y,A,01,1,0,0,0,0,0,0,0,0,"- ","- ",,,TUOLUMNE,SONORA,-120.37090301513672,37.988544464111328
91240781,2020,2020-05-21,9425,2020-05-09,0535,017822,,6,3,9,5500,0,3,5,,2,001,"10609 JIM BRADY ROAD","PETTICOAT JUNCTION DR",100.00,E,N,A,-,N,,,,,,,,,,N,2,0,1,2,C,-,18,,,N,E,I,A,A,H,-,A,D,0,,,,,Y,Y,-,"- ",1,0,0,0,0,0,0,0,0,"- ","- ",37.946140289306641,-120.41513824462891,TUOLUMNE,UNINCORPORATED,-120.41526031494141,37.946121215820312
91773847,2022,2022-05-17,9425,2022-02-14,0645,019785,,1,1,9,5500,0,1,3,,2,013,"STATE ROUTE 49","CHICKEN RANCH ROAD",0.00,,Y,A,-,Y,TUO,,49,,,12.820,H,,R,Y,1,1,1,2,A,-,09,21802,A,N,D,C,A,A,H,-,A,A,0,,,,,Y,,A,01,0,0,1,0,0,0,0,0,0,"- ","- ",37.935108184814453,-120.44317626953125,TUOLUMNE,UNINCORPORATED,-120.44315338134766,37.935092926025391
91847829,2022,2022-08-24,9425,2022-08-13,2120,019918,,6,2,9,5500,0,1,3,,2,041,SR-120,"EAST RIVER ROAD",1056.00,E,N,A,-,Y,TUO,,120,,,26.050,H,,R,N,2,0,1,1,A,-,08,22107,,N,F,A,A,A,H,-,D,D,0,,,Y,,Y,,C,02,1,0,0,0,0,0,0,0,1,"- ","- ",37.819850921630859,-120.29868316650391,TUOLUMNE,UNINCORPORATED,-120.29848480224609,37.819911956787109
6975934,2015,2015-07-15,9425,2015-06-21,1600,018559,,7,2,9,5500,0,3,5,,2,003,"RIDGEWOOD DR","PARKRIDGE AV",528.00,W,N,A,-,N,,,,,,,,,,N,2,0,1,2,A,-,17,23114,A,N,H,C,A,A,H,-,A,D,0,,,Y,,Y,,D,22,1,0,0,0,0,0,0,0,1,"- ","- ",38.000390000000003,-120.28272,TUOLUMNE,UNINCORPORATED,-120.29709638999999,37.99803661
90647149,2018,2018-01-25,9425,2018-01-21,2008,019773,,7,2,9,5500,0,1,3,,2,022,SR-49,"SHAWS FLAT RD",0.00,,Y,A,-,Y,,,49,,,,,,,Y,2,0,2,2,A,-,09,21802,A,N,D,C,A,A,H,-,D,A,0,,,,,Y,,D,22,1,1,0,0,0,0,0,0,0,"- ","- ",38.011569976806641,-120.40403747558594,TUOLUMNE,UNINCORPORATED,-120.40403747558594,38.011558532714844
90961359,2019,2019-04-04,9425,2019-04-03,1055,019773,,3,1,9,5500,0,2,4,,2,026,"MONO WAY","HILLSDALE DR",658.00,E,N,A,-,N,,,,,,,,,,Y,2,0,1,2,A,-,09,21804,A,N,D,C,A,A,H,-,A,D,0,,,,,Y,,A,01,1,0,0,0,0,0,0,0,0,"- ","- ",37.977100372314453,-120.32228088378906,TUOLUMNE,UNINCORPORATED,-120.3223876953125,37.977157592773438
7120706,2015,2015-12-01,5501,2015-04-27,1619,JM4,5501,1,5,2,5501,0,0,0,,0,002,"MONO WY","CAMERON LN",87.00,E,N,A,-,N,,,,,,,,,,Y,2,0,1,2,A,-,09,21804,A,N,D,C,A,A,H,-,A,D,0,,,Y,,Y,,A,01,1,0,0,0,0,0,0,0,1,"- ","- ",,,TUOLUMNE,SONORA,-120.3660694,37.975910730000003
91550486,2021,2021-08-20,9425,2021-07-30,0535,014853,,5,3,9,5500,0,1,3,,2,013,SR-49,SR-120,2112.00,N,N,A,-,Y,,,49,,,,,,,N,2,0,1,1,A,-,01,23152,A,N,E,8,A,A,H,-,A,D,0,,,,,Y,Y,A,01,1,0,0,0,0,0,0,0,0,"- ","- ",37.879688262939453,-120.43653869628906,TUOLUMNE,UNINCORPORATED,-120.43642425537109,37.879714965820312
6870336,2015,2015-05-22,9425,2015-03-04,1630,18544,,3,2,9,5500,0,3,5,,2,001,"QUARTZ ALY","PLACER ST",200.00,E,N,A,-,N,,,,,,,,,,N,2,0,1,1,A,-,03,22350,,N,H,A,A,A,A,-,A,D,0,,Y,,,Y,,L,04,1,0,0,0,0,0,1,0,0,"- ","- ",,,TUOLUMNE,UNINCORPORATED,-120.41462525999999,37.916256859999997
8133756,2016,2016-10-03,5501,2016-04-02,0219,EW1,5501,6,5,2,5501,0,0,0,,0,002,"S STEWART ST","WILLIAM ST",272.00,S,N,A,-,N,,,,,,,,,,Y,2,0,1,1,A,-,01,23153,A,N,E,I,A,A,H,-,C,D,0,,,,,Y,Y,A,07,1,0,0,0,0,0,0,0,0,"- ","- ",37.979349999999997,-120.38028,TUOLUMNE,SONORA,-120.3803515,37.979242999999997
90262817,2016,2016-09-07,9425,2016-08-23,1558,014853,,2,2,9,5500,0,3,5,,2,001,"RED HILLS RD","SIMS ROAD",3168.00,N,N,A,-,N,,,,,,,,,,Y,2,0,1,1,A,-,08,22107,,N,E,I,A,A,H,-,A,D,0,,,Y,,Y,,C,02,1,0,0,0,0,0,0,0,1,"- ","- ",37.864899999999999,-120.44423999999999,TUOLUMNE,UNINCORPORATED,-120.44435823000001,37.864930000000001
91095811,2019,2020-03-10,9425,2019-10-09,1225,016921,,3,1,9,5500,0,2,4,,2,026,"MONO WAY","SULLIVAN CREEK RD",0.00,,Y,A,-,N,,,,,,,,,,Y,2,0,1,2,A,-,09,21802,A,N,D,C,A,A,H,-,A,A,0,,,,,Y,,D,22,1,0,0,0,0,0,0,0,0,"- ","- ",37.975578308105469,-120.34925842285156,TUOLUMNE,UNINCORPORATED,-120.34941999999999,37.975538
90822735,2018,2018-09-27,9425,2018-09-23,1520,018559,,7,2,9,5500,0,1,3,,2,013,"SR-49 N/B",SR-120,2640.00,N,N,A,-,Y,,,49,,,,,,N,Y,2,0,1,1,A,-,08,22107,,N,F,A,A,A,H,-,A,D,0,,,Y,,Y,,C,02,1,0,0,0,0,0,0,0,1,"- ","- ",37.881118774414062,-120.43682861328125,TUOLUMNE,UNINCORPORATED,-120.43685913085938,37.881095886230469
91855625,2022,2022-09-01,9425,2022-08-23,1348,014853,,2,1,9,5500,0,3,5,,1,005,"HARPER ROAD","BLACK ROAD",2112.00,S,N,A,-,N,,,,,,,,,,Y,2,0,2,2,A,-,17,21662,A,N,A,C,A,A,H,-,A,D,0,,,Y,,Y,,C,02,1,0,1,0,0,0,0,0,1,"- ","- ",37.822391510009766,-120.24932098388672,TUOLUMNE,UNINCORPORATED,-120.25457000732422,37.824008941650391
92146502,2023,2023-08-17,9425,2023-07-28,1745,019287,,5,2,9,5500,0,1,3,,1,021,SR-108,"SULLIVAN CREEK RD",275.00,W,N,A,-,Y,TUO,,108," ",R,2.767,H,,R,N,2,0,1,1,A,-,03,22350,,N,E,I,A,A,H,-,A,D,0,,,,,Y,,A,01,1,0,0,0,0,0,0,0,0,"- ","- ",37.977981567382812,-120.34844207763672,TUOLUMNE,UNINCORPORATED,-120.34844970703125,37.978015899658203
92898474,2024,2024-07-30,9425,2024-05-29,1257,016886,,3,1,9,5500,0,1,3,,2,041,"STATE ROUTE 120","SMITH STATION ROAD",251.00,W,N,A,-,Y,TUO,,120," ",R,39.402,H,,R,Y,1,1,2,2,A,-,05,21460,A,N,A,C,A,A,H,-,A,D,0,,,,,Y,,A,01,2,0,0,0,0,0,0,0,0,"- ","- ",37.813701629638672,-120.12161254882812,TUOLUMNE,UNINCORPORATED,-120.12158966064453,37.813743591308594
90476273,2017,2017-06-12,9425,2017-06-09,1545,018559,,5,2,9,5500,0,3,5,,2,001,"JAMESTOWN RD","GOLF LINKS RD",940.00,N,N,A,-,N,,,,,,,,,,Y,2,0,1,1,A,-,08,22107,,N,E,I,A,A,H,-,A,D,0,,,Y,,Y,,C,02,1,0,0,0,0,0,0,0,1,"- ","- ",37.969679999999997,-120.41686,TUOLUMNE,UNINCORPORATED,-120.41681699999999,37.969636139999999
91028239,2019,2019-07-10,9425,2019-02-15,1826,014853,,5,2,9,5500,0,1,3,,1,021,SR-108,"STOCKTON ROAD",73.00,E,N,B,C,Y,,,108,,,,,,,Y,1,1,0,3,A,-,11,21954,A,N,G,B,D,B,H,-,C,D,0,Y,,,,Y,,N,60,0,0,0,1,0,0,0,0,0,"- ","- ",37.965190887451172,-120.39369964599609,TUOLUMNE,UNINCORPORATED,-120.39369964599609,37.965213775634766
94755578,2025,2025-07-09,9425,2025-06-27,1700,019287,,5,2,9,5500,0,3,5,,2,003,"KEWIN MILL RD","MOUNT ELIZABETH DR",0.00,,Y,A,-,N,,,,,,,,,,Y,2,0,1,2,A,-,08,22107,,N,D,C,A,A,H,-,A,D,0,,,Y,,Y,,D,22,1,0,0,0,0,0,0,0,1,"- ","- ",38.060531616210938,-120.26641845703125,TUOLUMNE,UNINCORPORATED,-120.26644897460938,38.060539245605469
90150380,2016,2016-04-04,9425,2016-04-01,2500,018544,,5,4,9,5500,0,3,5,,2,003,"MIDDLE CAMP RD","LEISURE DR",528.00,E,N,B,-,N,,,,,,,,,,N,2,0,1,1,A,-,03,22350,,N,F,A,A,A,H,-,A,D,0,,,Y,,Y,,C,02,1,0,0,0,0,0,0,0,1,"- ","- ",38.058979999999998,-120.1206,TUOLUMNE,UNINCORPORATED,-120.2024981,38.057791119999997
91212245,2020,2020-03-19,9425,2020-03-12,1855,017822,,4,2,9,5500,0,3,5,,2,003,"STATE ROUTE 49","JACKASS HILL RD",528.00,S,N,A,-,Y,,,,,,,,,,Y,2,0,1,1,A,-,08,22107,,N,E,I,A,A,H,-,B,D,0,,,,,Y,,A,01,1,0,0,0,0,0,0,0,0,"- ","- ",37.989139556884766,-120.48258209228516,TUOLUMNE,UNINCORPORATED,-120.47200012207031,37.989307403564453
91838979,2022,2022-08-12,9425,2022-02-25,1840,017461,,5,2,9,5500,0,1,3,,2,013,SR-49,"MAIN ST",395.00,N,N,A,-,Y,TUO,,49,,,14.482,H,,R,N,1,1,0,2,A,-,11,21954,A,N,G,B,D,A,H,-,D,D,0,Y,,,,Y,Y,N,60,0,0,0,1,0,0,0,0,0,"- ","- ",37.952590942382812,-120.42471313476562,TUOLUMNE,UNINCORPORATED,-120.42471313476562,37.952590942382812
91176970,2020,2020-01-30,9425,2020-01-19,2245,018822,,7,3,9,5500,0,3,5,,2,003,"LONGEWAY RD","FERRARI RD",775.00,S,N,A,-,N,,,,,,,,,,N,2,0,1,1,A,-,01,23152,A,N,F,A,A,A,H,-,D,D,0,,,,,Y,Y,A,07,1,0,0,0,0,0,0,0,0,"- ","- ",38.015689849853516,-120.25871276855469,TUOLUMNE,UNINCORPORATED,-120.25852203369141,38.015720367431641
90737617,2018,2018-05-30,9425,2018-05-21,1542,018453,,1,2,9,5500,0,1,3,,2,012,SR-49,SR-108,0.00,,Y,A,-,Y,,,49,,,,,,,Y,2,0,3,2,A,-,09,21801,A,N,D,C,A,A,H,-,A,A,0,,,,,Y,,A,01,1,2,0,0,0,0,0,0,0,"- ","- ",37.918968200683594,-120.45171356201172,TUOLUMNE,UNINCORPORATED,-120.45168304443359,37.919002532958984
92179660,2023,2023-09-26,9425,2023-09-22,1355,016921,,5,1,9,5500,0,1,3,,2,031,SR-108,"DRAPER MINE ROAD",0.00,,Y,A,-,Y,TUO,,108," "," ",6.258,H,,R,N,2,0,1,2,A,-,09,21801,A,N,A,C,A,A,H,-,A,A,0,,,,,Y,,D,22,1,0,0,0,0,0,0,0,0,"- ","- ",37.986721038818359,-120.28632354736328,TUOLUMNE,UNINCORPORATED,-120.28633117675781,37.986732482910156
6389236,2014,2014-06-19,9425,2014-02-16,1910,018544,,7,2,9,5500,0,2,4,,2,023,"PHOENIX LAKE RD","PASEO DE LOS PORTALES RD",2640.00,E,N,A,-,N,,,,,,,,,,Y,2,0,1,1,A,-,08,22107,,N,E,I,A,A,H,-,D,D,0,,,,,Y,,A,01,1,0,0,0,0,0,0,0,0,"- ","- ",38.007959999999997,-120.29512,TUOLUMNE,UNINCORPORATED,-120.29461499,38.008052759999998
91792134,2022,2022-06-09,9425,2022-05-27,0508,019489,,5,3,2,5501,0,1,3,,2,012,SR108,SR49,530.00,W,N,A,-,Y,TUO,,108,,L,2.699,H,,R,N,2,0,2,2,A,-,05,21651,B,N,A,C,A,A,H,-,B,D,0,,,,,Y,,A,07,1,1,0,0,0,0,0,0,0,"- ","- ",37.917911529541016,-120.45308685302734,TUOLUMNE,SONORA,-120.45308685302734,37.917903900146484
92111239,2023,2023-07-06,9425,2023-06-27,1023,016921,,2,1,9,5500,0,1,3,,2,031,SR-108,"TWAIN HARTE DR",528.00,E,N,A,-,Y,TUO,,108," ",R,11.857,H,,R,N,2,0,3,2,A,-,08,22107,,N,B,C,A,A,D,-,A,D,0,,,Y,,Y,,C,02,2,0,1,0,0,0,0,0,3,"- ","- ",38.040130615234375,-120.21647644042969,TUOLUMNE,UNINCORPORATED,-120.21646881103516,38.040122985839844
90866921,2018,2018-11-26,9425,2018-11-13,1815,013905,,2,2,9,5500,0,3,5,,2,001,"CAMPO SECO ROAD","CROOKED LANE",342.00,E,N,A,-,N,,,,,,,,,,N,2,0,1,2,A,-,03,22350,,F,G,B,E,A,H,-,D,D,0,Y,,,,Y,,-,99,1,0,0,0,1,0,0,0,0,"- ","- ",37.965599060058594,-120.38008880615234,TUOLUMNE,UNINCORPORATED,-120.38014221191406,37.965602874755859
90986375,2019,2019-05-10,9425,2019-04-28,2010,019287,,7,2,9,5500,0,1,3,,2,012,SR-108,"MOUNT PASS RANCH RD",900.00,W,N,A,-,Y,,,108,,,,,,,Y,2,0,4,5,A,-,03,22350,,N,C,C,A,A,H,-,D,D,0,,,,,Y,,A,07,2,1,1,0,0,0,0,0,0,"- ","- ",37.896839141845703,-120.48152923583984,TUOLUMNE,UNINCORPORATED,-120.48152160644531,37.896835327148438
6493215,2014,2014-08-01,9425,2014-05-10,1750,17182,,6,2,9,5500,0,2,4,,2,023,"PHOENIX LAKE RD","SULLIVAN CREEK",1056.00,E,N,A,-,N,,,,,,,,,,Y,2,0,3,2,A,-,01,23152,A,F,A,C,A,A,H,-,A,D,0,,,,,Y,Y,A,01,1,2,0,0,0,0,0,0,0,"- ","- ",38.012479999999996,-120.28785000000001,TUOLUMNE,UNINCORPORATED,-120.28785735,38.012440040000001
91352523,2020,2020-11-24,9425,2020-11-20,0430,019287,,5,3,9,5500,0,3,5,,2,003,"MIDDLE CAMP SUGAR PINE RD","LEISURE DR",528.00,W,N,A,-,N,,,,,,,,,,Y,2,0,1,1,A,-,08,22107,,N,E,I,A,B,H,-,D,D,0,,,,,Y,,A,01,1,0,0,0,0,0,0,0,0,"- ","- ",38.057018280029297,-120.20658874511719,TUOLUMNE,UNINCORPORATED,,
92050347,2023,2023-04-21,9425,2023-03-02,"425 ",016812,,4,3,9,5500,0,1,3,,2,011,SR-120,"GREEN SPRINGS RD",2112.00,E,N,A,-,Y,TUO,,120," "," ",7.655,H,,R,Y,1,1,0,1,C,-,18,,,N,E,8,A,C,G,-,D,D,0,,,,,Y,,-,"- ",0,0,0,0,0,0,0,0,0,"- ","- ",37.840950012207031,-120.51698303222656,TUOLUMNE,UNINCORPORATED,-120.51697540283203,37.840984344482422
6291657,2014,2014-11-25,9425,2014-10-11,1230,014725,,6,1,9,5500,0,1,3,,2,011,"RT 120","TULLOCH RD",12672.00,E,N,A,-,Y,TUO,10,120,-,R,3.710,H,-,E,Y,1,1,1,1,A,-,08,22107,,N,E,I,A,A,H,-,A,A,5,,,Y,,Y,,C,02,1,0,0,0,0,0,0,1,1,"- ","- ",37.955800000000004,-120.42307,TUOLUMNE,UNINCORPORATED,-120.58607299000001,37.849243690000002
91904007,2022,2022-10-28,9425,2022-10-20,2253,019773,,4,3,9,5500,0,1,3,,2,031,SR-108,"GIBSON DR",937.00,E,N,A,-,Y,TUO,,108,,,12.959,H,,R,Y,2,0,3,1,A,-,01,23152,A,N,E,I,A,A,H,-,D,D,0,,,,,Y,Y,A,07,1,2,0,0,0,0,0,0,0,"- ","- ",38.045810699462891,-120.2098388671875,TUOLUMNE,UNINCORPORATED,-120.20986175537109,38.045806884765625
7132655,2015,2015-12-21,5501,2015-07-15,1002,NK1,5501,3,5,2,5501,0,0,0,,0,002,"MONO WY","ROGERS RD",237.00,W,N,A,-,N,,,,,,,,,,Y,2,0,2,2,A,-,05,21460,C,N,A,C,A,A,H,-,A,D,0,,,,,Y,,A,01,1,1,0,0,0,0,0,0,0,"- ","- ",,,TUOLUMNE,SONORA,-120.36540084000001,37.975933759999997
90213128,2016,2016-06-30,9425,2016-06-27,0900,017403,,1,1,9,5500,0,1,3,,2,041,SR-120,"GRIZZLY RD",7920.00,E,N,A,-,Y,,,,,,,,,,Y,2,0,1,1,A,-,08,22107,,N,F,A,A,A,H,-,A,D,0,,,,,Y,,D,22,1,0,0,0,0,0,0,0,0,"- ","- ",,,TUOLUMNE,UNINCORPORATED,-120.28851115000001,37.821141109999999
90242258,2016,2016-08-10,9425,2016-07-29,2500,014725,,5,4,9,5500,0,1,3,,2,013,"STATE ROUTE 49","SIMS ROAD",2112.00,S,N,A,-,Y,,,49,,,,,,,Y,2,0,1,1,A,-,08,22107,,N,F,I,A,A,H,-,D,D,0,,,,,Y,,A,01,1,0,0,0,0,0,0,0,0,"- ","- ",37.886400000000002,-120.44128000000001,TUOLUMNE,UNINCORPORATED,-120.44130799,37.88636863
90888058,2018,2018-12-21,9425,2018-12-07,2050,019773,,5,2,9,5500,0,1,3,,2,011,"SR-120 W/B","TULLOCH DAM RD",3477.00,E,N,A,-,Y,,,120,,,,,,W,Y,2,0,2,1,A,-,08,22107,,N,E,I,A,A,H,-,D,D,0,,,,,Y,,A,01,2,0,0,0,0,0,0,0,0,"- ","- ",37.844581604003906,-120.61773681640625,TUOLUMNE,UNINCORPORATED,-120.61774444580078,37.844596862792969
90951473,2019,2019-03-22,9425,2019-03-20,1840,014936,,3,2,9,5500,0,3,5,,2,001,"JAMESTOWN ROAD","GOLF LINKS RD",1584.00,N,N,B,C,N,,,,,,,,,,Y,2,0,3,2,A,-,01,23152,A,N,A,C,A,B,H,-,A,D,0,,,,,Y,Y,A,01,1,2,0,0,0,0,0,0,0,"- ","- ",37.972099304199219,-120.41651153564453,TUOLUMNE,UNINCORPORATED,-120.41670989990234,37.971389770507812
92095885,2022,2023-06-16,9425,2022-09-25,1605,020575,,7,2,9,5500,0,1,3,,2,011,SR-120,SR-108,0.00,,Y,A,-,Y,TUO,,120,,,12.058,H,,R,Y,1,1,0,2,A,-,01,23152,G,N,C,C,A,A,H,-,A,A,0,,,Y,,Y,Y,C,02,0,0,0,0,0,0,0,1,0,"- ","- ",37.891040802001953,-120.48857116699219,TUOLUMNE,UNINCORPORATED,-120.48861694335938,37.891120910644531
92130778,2023,2023-07-28,9425,2023-07-22,"955 ",018251,,6,1,9,5500,0,1,3,,2,011,"STATE ROUTE 120",J-59,6864.00,E,N,A,-,Y,TUO,,120," "," ",9.488,H,,R,Y,2,0,4,2,A,-,09,21804,A,N,D,C,A,A,H,-,A,D,0,,,,,Y,,A,01,1,0,3,0,0,0,0,0,0,"- ","- ",37.861259460449219,-120.51193237304688,TUOLUMNE,UNINCORPORATED,-120.51194000244141,37.861259460449219
90556009,2017,2017-10-05,9425,2017-09-03,1430,019287,,7,2,9,5500,0,1,3,,2,032,SR-108,"FOREST ROUTE 6N24",200.00,W,N,A,-,Y,,,108,,,,,,,Y,1,1,2,1,A,-,08,22107,,N,E,I,A,A,H,-,A,D,0,,,,,Y,,A,07,1,1,0,0,0,0,0,0,0,"- ","- ",38.319310000000002,-119.92689,TUOLUMNE,UNINCORPORATED,-119.92687101999999,38.319280900000003
91322029,2020,2020-10-12,9425,2020-10-03,1940,019287,,6,2,9,5500,0,3,5,,2,003,"CHEROKEE DR","CAROL LN",413.00,W,N,A,-,N,,,,,,,,,,Y,2,0,1,1,A,-,01,23152,A,N,E,I,A,A,H,-,D,D,0,,,,,Y,Y,D,22,1,0,0,0,0,0,0,0,0,"- ","- ",37.972461700439453,-120.26001739501953,TUOLUMNE,UNINCORPORATED,-120.2598876953125,37.972415924072266
6459364,2014,2016-04-09,9425,2014-05-06,0805,019773,,2,1,9,5500,0,1,3,,2,022,"RT 49","JACKASS HILL RD",491.00,S,N,B,-,Y,TUO,10,49,-,-,25.700,H,-,S,Y,2,0,1,1,A,-,08,22107,,N,E,I,A,B,H,-,A,A,0,,,,,Y,,A,01,1,0,0,0,0,0,0,0,0,"- ","- ",37.989350000000002,-120.47188,TUOLUMNE,UNINCORPORATED,-120.43478609,37.874943690000002
8282095,2016,2017-03-06,5501,2016-10-18,1919,JM5,5501,2,5,2,5501,0,0,0,,0,002,"ELKIN ST","WASHINGTON ST",5.00,E,N,A,-,Y,TUO,10,49,-,-,18.293,I,5,N,N,2,0,1,2,A,-,10,21950,A,F,G,B,B,A,H,-,A,A,0,Y,,,,Y,,A,01,1,0,0,0,1,0,0,0,0,"- ","- ",,,TUOLUMNE,SONORA,-120.43475144,37.874883529999998
90805081,2018,2018-09-04,9425,2018-08-18,1745,018822,,6,2,9,5500,0,3,5,,2,002,"WARDS FERRY RD","TUOLUMNE RIVER",7920.00,N,N,A,-,N,,,,,,,,,,N,2,0,1,1,A,-,08,22107,,N,E,I,A,A,H,-,A,D,0,,,,,Y,,D,22,1,0,0,0,0,0,0,0,0,"- ","- ",37.880409240722656,-120.29656982421875,TUOLUMNE,UNINCORPORATED,-120.32135772705078,37.958518981933594
91181052,2019,2020-02-05,9425,2019-10-06,2235,014936,,7,3,9,5500,0,3,5,,2,002,"LYONS BALD MOUNTAIN RD","APPLE VALLEY DR",1584.00,E,N,B,-,N,,,,,,,,,,Y,1,1,0,1,A,-,01,23152,A,N,E,I,A,A,H,-,D,D,0,,,,,Y,Y,D,22,0,0,0,0,0,0,0,0,0,"- ","- ",38.014511108398438,-120.33621978759766,TUOLUMNE,UNINCORPORATED,-120.33617401123047,38.014846801757812
91529638,2021,2021-07-27,9425,2021-07-17,1600,018644,,6,2,9,5500,0,1,3,,2,031,SR-108,"CAMP BLUE RD",30.00,W,N,A,-,Y,,,108,,,,,,,Y,2,0,1,1,A,-,08,22107,,N,F,A,A,A,H,-,A,D,0,,,Y,,Y,,C,02,1,0,0,0,0,0,0,0,1,"- ","- ",38.180160522460938,-120.01817321777344,TUOLUMNE,UNINCORPORATED,-120.01816558837891,38.180149078369141
94363795,2024,2024-08-21,9425,2024-08-11,"200 ",019918,,7,3,9,5500,0,3,5,,2,002,"RIDGEWOOD DR","SHADY OAKS DRIVE",157.00,E,N,A,-,N,,,,,,,,,,N,2,0,1,1,C,-,18,,,N,H,A,A,A,H,-,D,D,0,,,,,Y,,-,"- ",1,0,0,0,0,0,0,0,0,"- ","- ",37.996341705322266,-120.3026123046875,TUOLUMNE,UNINCORPORATED,,
6292302,2015,2015-06-30,9425,2015-04-21,1001,12786,,2,1,9,5500,0,1,3,,2,011,"RT 120","LA GRANGE RD",4224.00,E,N,A,-,Y,TUO,10,120,-,-,9.030,H,-,W,Y,1,1,5,2,A,-,01,23152,E,N,A,C,A,A,D,-,A,A,5,,,,,Y,,A,01,3,0,2,0,0,0,0,0,0,"- ","- ",37.85427,-120.51027000000001,TUOLUMNE,UNINCORPORATED,-120.51109923999999,37.85620771
90251874,2016,2016-08-24,9425,2016-08-18,1910,016886,,4,2,9,5500,0,3,5,,1,004,"YOSEMITE LAKES ROAD",SR-120,528.00,N,N,A,-,N,,,,,,,,,,N,2,0,1,2,A,-,08,22107,,F,G,B,E,A,H,-,A,D,0,Y,,,,Y,,D,22,1,0,0,0,1,0,0,0,0,"- ","- ",37.815489999999997,-119.93998000000001,TUOLUMNE,UNINCORPORATED,-119.93951,37.816240000000001
90347623,2016,2016-12-19,9425,2016-12-02,1815,020028,,5,2,9,5500,0,3,5,,2,002,"STATE ROUTE 49","REYNOLDS FERRY RD",1056.00,N,N,B,-,Y,,,49,,,,,,,Y,2,0,1,1,A,-,01,23152,A,N,E,I,A,A,H,-,B,D,0,,,,,Y,Y,A,07,1,0,0,0,0,0,0,0,0,"- ","- ",37.993659999999998,-120.48017,TUOLUMNE,UNINCORPORATED,-120.48019548000001,37.993592470000003
90768796,2018,2018-07-13,9425,2018-07-04,1000,014737,,3,1,9,5500,0,2,4,,2,014,"LA GRANGE ROAD","PASEO SEVEN LEGENDS",1000.00,N,N,A,-,N,,,,,,,,,,Y,2,0,1,1,A,-,08,22107,,N,F,I,A,A,H,-,A,D,0,,,Y,,Y,,C,02,1,0,0,0,0,0,0,0,1,"- ","- ",37.730419158935547,-120.44776916503906,TUOLUMNE,UNINCORPORATED,-120.44776916503906,37.730381011962891
91005593,2019,2019-06-07,9425,2019-05-23,0500,019287,,4,3,9,5500,0,1,3,,2,011,"SR-120 E/B","RUSHING HILL LOOKOUT RD",1070.00,W,N,A,-,Y,,,120,,,,,,E,Y,2,0,1,1,A,-,08,22107,,N,E,I,A,A,H,-,B,D,0,,,,,Y,,A,08,1,0,0,0,0,0,0,0,0,"- ","- ",37.846321105957031,-120.56353759765625,TUOLUMNE,UNINCORPORATED,-120.56353759765625,37.846382141113281