CASE_ID,ACCIDENT_YEAR,PROC_DATE,JURIS,COLLISION_DATE,COLLISION_TIME,OFFICER_ID,REPORTING_DISTRICT,DAY_OF_WEEK,CHP_SHIFT,POPULATION,CNTY_CITY_LOC,SPECIAL_COND,BEAT_TYPE,CHP_BEAT_TYPE,CITY_DIVISION_LAPD,CHP_BEAT_CLASS,BEAT_NUMBER,PRIMARY_RD,SECONDARY_RD,DISTANCE,DIRECTION,INTERSECTION,WEATHER_1,WEATHER_2,STATE_HWY_IND,CALTRANS_COUNTY,CALTRANS_DISTRICT,STATE_ROUTE,ROUTE_SUFFIX,POSTMILE_PREFIX,POSTMILE,LOCATION_TYPE,RAMP_INTERSECTION,SIDE_OF_HWY,TOW_AWAY,COLLISION_SEVERITY,NUMBER_KILLED,NUMBER_INJURED,PARTY_COUNT,PRIMARY_COLL_FACTOR,PCF_CODE_OF_VIOL,PCF_VIOL_CATEGORY,PCF_VIOLATION,PCF_VIOL_SUBSECTION,HIT_AND_RUN,TYPE_OF_COLLISION,MVIW,PED_ACTION,ROAD_SURFACE,ROAD_COND_1,ROAD_COND_2,LIGHTING,CONTROL_DEVICE,CHP_ROAD_TYPE,PEDESTRIAN_ACCIDENT,BICYCLE_ACCIDENT,MOTORCYCLE_ACCIDENT,TRUCK_ACCIDENT,NOT_PRIVATE_PROPERTY,ALCOHOL_INVOLVED,STWD_VEHTYPE_AT_FAULT,CHP_VEHTYPE_AT_FAULT,COUNT_SEVERE_INJ,COUNT_VISIBLE_INJ,COUNT_COMPLAINT_PAIN,COUNT_PED_KILLED,COUNT_PED_INJURED,COUNT_BICYCLIST_KILLED,COUNT_BICYCLIST_INJURED,COUNT_MC_KILLED,COUNT_MC_INJURED,PRIMARY_RAMP,SECONDARY_RAMP,LATITUDE,LONGITUDE,COUNTY,CITY,POINT_X,POINT_Y
91046136,2019,2019-08-06,9425,2019-07-19,1015,014737,,5,1,9,5500,0,3,5,,2,003,"LELAND MEADOW ROAD","LELAND COURT",138.00,S,N,A,-,N,,,,,,,,,,N,2,0,1,2,A,-,09,21804,A,N,C,C,A,A,H,-,A,D,0,,,Y,Y,Y,,C,02,1,0,0,0,0,0,0,0,1,"- ","- ",38.234970092773438,-119.97982788085938,TUOLUMNE,UNINCORPORATED,-119.9801025390625,38.234786987304688
92015117,2023,2023-03-10,9425,2023-03-04,1613,016886,,6,2,9,5500,0,3,5,,1,004,"LA GRANGE ROAD","AVENIDA LUGO ROAD NORTH/SOUTH",792.00,S,N,B,C,N,,,,,,,,,,Y,2,0,3,1,A,-,01,23152,A,N,E,8,A,B,H,-,A,A,0,,,,,Y,Y,A,07,1,2,0,0,0,0,0,0,0,"- ","- ",37.714611053466797,-120.45320892333984,TUOLUMNE,UNINCORPORATED,-120.45338439941406,37.714511871337891
6609143,2014,2016-04-29,9425,2014-08-24,0200,019773,,7,3,9,5500,0,1,3,,2,041,"RT 120","DEER FLAT RD",247.00,W,N,A,-,Y,TUO,10,120,-,-,31.840,H,-,W,Y,2,0,1,1,A,-,01,23152,A,N,E,I,A,A,H,-,D,D,5,,,Y,,Y,Y,C,02,1,0,0,0,0,0,0,0,1,"- ","- ",37.836570000000002,-120.23757999999999,TUOLUMNE,UNINCORPORATED,-120.23750877000001,37.836515149999997
90567738,2017,2017-10-11,9425,2017-09-20,1013,013905,,3,1,9,5500,0,1,3,,2,022,"STATE ROUTE 49","SPRINGFIELD ROAD",148.00,S,N,A,-,Y,,,49,,,,,,,Y,2,0,2,2,A,-,05,21650,,N,A,C,A,A,H,-,A,D,0,,,,Y,Y,,D,22,1,0,1,0,0,0,0,0,0,"- ","- ",38.011450000000004,-120.41781,TUOLUMNE,UNINCORPORATED,-120.41781779999999,38.011478570000001
92086376,2023,2023-06-05,9425,2023-05-19,1713,019918,,5,2,9,5500,0,1,3,,2,022,SR-49,"TUTTLETOWN SCHOOL RD",535.00,N,N,A,-,Y,TUO,,49," "," ",24.603,H,,R,Y,2,0,2,2,A,-,09,21804,A,N,D,C,A,A,H,-,A,D,0,,,,,Y,,D,22,1,1,0,0,0,0,0,0,0,"- ","- ",37.991790771484375,-120.45810699462891,TUOLUMNE,UNINCORPORATED,-120.45811462402344,37.991775512695312
90058887,2015,2015-11-24,9425,2015-10-14,1025,018544,,3,1,9,5500,0,3,5,,2,003,"LIZZIE LANE","GURNEY STATION RD",63.00,N,N,B,-,N,,,,,,,,,,Y,1,1,0,1,A,-,01,23152,A,N,H,I,A,A,H,-,A,D,0,,,,,Y,Y,A,07,0,0,0,0,0,0,0,0,0,"- ","- ",38.044820000000001,-120.22274,TUOLUMNE,UNINCORPORATED,-120.2228228,38.044651469999998
91012821,2019,2019-06-18,9425,2019-06-10,1330,014936,,1,1,9,5500,0,3,5,,2,003,"LELAND MEADOW RD",SR-108,2640.00,S,N,A,-,N,,,,,,,,,,Y,2,0,2,1,A,-,08,22107,,N,E,I,A,A,A,B,A,D,0,,,,,Y,,A,01,2,0,0,0,0,0,0,0,0,"- ","- ",38.228580474853516,-119.99342346191406,TUOLUMNE,UNINCORPORATED,-119.99801635742188,38.221549987792969
90950676,2019,2019-03-21,9425,2019-03-14,1020,016886,,4,1,9,5500,0,3,5,,1,004,"MERCED FALLS ROAD","AVENIDA CENTRAL",714.00,N,N,A,-,N,,,,,,,,,,N,2,0,1,1,C,-,18,,,N,H,H,A,A,H,-,A,D,0,,,Y,,Y,,-,"- ",1,0,0,0,0,0,0,0,1,"- ","- ",37.657779693603516,-120.31236267089844,TUOLUMNE,UNINCORPORATED,-120.31236267089844,37.657936096191406
90961778,2019,2019-04-05,9425,2019-03-25,1710,013905,,1,2,9,5500,0,3,5,,2,003,"RED CLAY ROAD","N BALD MOUNTAIN ROAD",175.00,W,N,A,-,N,,,,,,,,,,Y,2,0,1,1,A,-,08,22107,,N,F,A,A,A,H,-,A,D,0,,,,,Y,Y,D,22,1,0,0,0,0,0,0,0,0,"- ","- ",38.037498474121094,-120.35086059570312,TUOLUMNE,UNINCORPORATED,-120.35083770751953,38.037582397460938
91127755,2019,2019-11-22,9425,2019-11-15,1828,019297,,5,2,9,5500,0,1,3,,2,022,"STATE ROUTE 49","PESCE WAY",149.00,N,N,A,-,Y,,,49,,,,,,,Y,2,0,1,2,A,-,11,21954,A,N,G,B,D,A,H,-,C,D,0,Y,,,,Y,,N,60,1,0,0,0,1,0,0,0,0,"- ","- ",37.994068145751953,-120.38333129882812,TUOLUMNE,UNINCORPORATED,-120.38335418701172,37.994071960449219
6504228,2014,2014-07-25,9425,2014-05-16,0053,018965,,5,3,9,5500,0,3,5,,2,003,"YOSEMITE RD","SADDLE DR",90.00,E,N,B,-,N,,,,,,,,,,Y,2,0,1,1,A,-,03,22350,,N,E,I,A,A,H,-,D,D,0,,,Y,,Y,,C,02,1,0,0,0,0,0,0,0,1,"- ","- ",37.947510000000001,-120.26716999999999,TUOLUMNE,UNINCORPORATED,-120.26723277000001,37.94754476
92050356,2022,2023-07-14,9425,2022-08-22,2150,019489,,1,2,9,5500,0,1,3,,2,011,"STATE ROUTE 120","RUSHING HILL LOOK OUT ROAD",0.00,,Y,A,-,Y,TUO,,120,,R,5.210,H,,L,Y,1,1,0,2,A,-,09,21802,A,N,D,C,A,A,H,-,D,A,0,,,Y,,Y,,D,22,0,0,0,0,0,0,0,1,0,"- ","- ",37.847270965576172,-120.56017303466797,TUOLUMNE,UNINCORPORATED,-120.56017303466797,37.847282409667969
90555910,2017,2017-11-02,9425,2017-06-14,1445,018251,,3,2,9,5500,0,3,5,,2,003,"MONO WAY","EL RAY LN",10.00,W,N,A,-,N,,,,,,,,,,Y,1,1,2,3,A,-,04,21703,,N,C,C,A,A,H,-,A,D,0,,,,,Y,,D,22,1,0,1,0,0,0,0,0,0,"- ","- ",37.984650000000002,-120.3022,TUOLUMNE,UNINCORPORATED,-120.30215382999999,37.98473396
91855215,2022,2022-09-01,9425,2022-08-12,1700,019287,,5,2,9,5500,0,1,3,,2,011,"SR-108 W/B","TWO MILE BAR RD",150.00,W,N,A,-,Y,TUO,,120,,R,0.461,H,,L,N,2,0,1,1,C,-,18,,,N,H,A,A,A,H,-,A,D,0,,,Y,,Y,,-,"- ",1,0,0,0,0,0,0,0,1,"- ","- ",37.828571319580078,-120.63488006591797,TUOLUMNE,UNINCORPORATED,-120.63485717773438,37.82855224609375
90483222,2017,2017-06-21,9425,2017-04-14,1902,018965,,5,2,9,5500,0,2,4,,2,014,"J-59 (LA GRANGE ROAD)","OLD DON PEDRO RD",11616.00,S,N,A,-,N,,,,,,,,,,Y,1,1,0,1,A,-,01,23152,A,N,F,A,A,A,H,-,A,D,0,,,Y,,Y,Y,C,02,0,0,0,0,0,0,0,1,0,"- ","- ",37.794910000000002,-120.46896,TUOLUMNE,UNINCORPORATED,-120.46828598,37.795129770000003
90603400,2017,2017-11-28,9425,2017-11-16,1250,017822,,4,1,9,5500,0,1,3,,2,022,"STATE ROUTE 49","SHAWS FLAT ROAD",0.00,,Y,B,C,Y,,,49,,,,,,,Y,2,0,2,2,A,-,09,21801,A,N,A,C,A,B,H,-,A,D,0,,,,,Y,,A,07,1,1,0,0,0,0,0,0,0,"- ","- ",38.011560000000003,-120.40398999999999,TUOLUMNE,UNINCORPORATED,-120.40399478,38.011574150000001
90684364,2018,2018-03-19,9425,2018-03-13,1505,014853,,2,2,9,5500,0,1,3,,2,011,"SR-120 WESTBOUND","TULLOCH DAM ROAD",1584.00,E,N,B,C,Y,,,120,,,,,,W,Y,2,0,1,1,A,-,03,22350,,N,E,I,A,B,H,-,A,D,0,,,,,Y,,A,08,1,0,0,0,0,0,0,0,0,"- ","- ",37.843631744384766,-120.61968994140625,TUOLUMNE,UNINCORPORATED,-120.61972808837891,37.843692779541016
90952731,2019,2019-03-25,9425,2019-01-26,1806,018453,,6,2,9,5500,0,1,3,,2,011,SR-120,"LA GRANGE RD",5808.00,E,N,B,-,Y,,,120,,,,,,,Y,1,1,3,3,A,-,01,23152,A,N,A,C,A,A,H,-,D,D,0,,,,,Y,Y,A,01,0,0,3,0,0,0,0,0,0,"- ","- ",37.858650207519531,-120.51203155517578,TUOLUMNE,UNINCORPORATED,-120.51197814941406,37.858657836914062
91341209,2020,2020-11-06,9425,2020-09-19,1330,016540,,6,1,9,5500,0,1,3,,2,032,SR-108,"CLARK FORK RD",3168.00,E,N,A,-,Y,,,108,,,,,,,Y,1,1,0,1,A,-,08,22107,,N,F,A,A,A,H,-,A,D,0,,,Y,,Y,,C,02,0,0,0,0,0,0,0,1,0,"- ","- ",38.357051849365234,-119.86789703369141,TUOLUMNE,UNINCORPORATED,-119.86790466308594,38.357040405273438
6857161,2015,2015-04-01,9425,2015-03-12,1635,019297,,4,2,9,5500,0,3,5,,2,003,"SOULSBYVILLE RD","CORNUCOPIA MINE RD",200.00,N,N,A,-,N,,,,,,,,,,Y,2,0,1,1,A,-,08,22107,,N,E,I,A,A,H,-,A,D,0,,,,,Y,,A,07,1,0,0,0,0,0,0,0,0,"- ","- ",,,TUOLUMNE,UNINCORPORATED,-120.27608197000001,37.974305610000002
90371144,2016,2017-02-03,9425,2016-10-14,1933,017461,,5,2,9,5500,0,1,3,,1,044,SR-132,"BONDS FLAT RD",1056.00,E,N,C,-,Y,,,132,,,,,,,Y,1,1,1,2,A,-,01,23152,F,N,A,C,A,B,H,-,D,D,0,,,,,Y,Y,D,22,1,0,0,0,0,0,0,0,0,"- ","- ",37.679299999999998,-120.35890000000001,TUOLUMNE,UNINCORPORATED,-120.35890436,37.67947856
90580978,2017,2017-10-27,9425,2017-10-23,2122,018822,,1,2,9,5500,0,2,4,,2,024,"TUOLUMNE RD","LAMBERT LAKE RD",46.00,W,N,A,-,N,,,,,,,,,,Y,2,0,1,2,A,-,11,21954,A,N,G,B,D,A,H,-,D,D,0,Y,,,,Y,Y,N,60,1,0,0,0,1,0,0,0,0,"- ","- ",37.969140000000003,-120.33537,TUOLUMNE,UNINCORPORATED,-120.33536943999999,37.96908371
91577941,2021,2021-09-23,9425,2021-09-12,1825,016812,,7,2,9,5500,0,3,5,,2,001,"RAWHIDE RD","OMEGA MINE RD",1056.00,S,N,A,-,N,,,,,,,,,,Y,2,0,1,1,A,-,08,22107,,N,E,I,A,A,H,-,A,D,0,,,Y,,Y,,C,02,1,0,0,0,0,0,0,0,1,"- ","- ",37.967758178710938,-120.43958282470703,TUOLUMNE,UNINCORPORATED,-120.44441223144531,37.964179992675781
90678794,2017,2018-03-09,9425,2017-12-15,1550,018965,,5,2,9,5500,0,1,3,,2,013,SR-49,"SIMS ROAD",1412.00,S,N,B,-,Y,,,49,,,,,,,Y,1,1,0,1,A,-,08,22107,,N,E,I,A,A,H,-,A,D,0,,,,,Y,,A,01,0,0,0,0,0,0,0,0,0,"- ","- ",37.887889999999999,-120.44265,TUOLUMNE,UNINCORPORATED,-120.44272051999999,37.887833720000003
91348638,2020,2020-11-19,9425,2020-11-14,0735,016886,,6,1,9,5500,0,3,5,,1,004,"SMITH STATION ROAD","ROCK HAMMER ROAD",2376.00,S,N,A,-,N,,,,,,,,,,Y,2,0,1,1,A,-,08,22107,,N,E,I,A,B,H,-,A,D,0,,,,,Y,,A,01,1,0,0,0,0,0,0,0,0,"- ","- ",37.797428131103516,-120.12357330322266,TUOLUMNE,UNINCORPORATED,-120.12332153320312,37.797691345214844
92084714,2022,2023-06-02,9425,2022-11-25,1040,016540,,5,1,9,5500,0,1,3,,2,011,"SR-120 E/B","TULLOCH RD",344.00,W,N,A,-,Y,TUO,,120,,R,1.261,H,,R,Y,1,1,0,2,A,-,08,22107,,N,H,G,A,A,H,-,A,D,0,,Y,,,Y,,L,04,0,0,0,0,0,1,0,0,0,"- ","- ",37.837501525878906,-120.62608337402344,TUOLUMNE,UNINCORPORATED,-120.6260986328125,37.837505340576172
91316579,2020,2020-10-02,9425,2020-09-27,1250,016921,,7,1,9,5500,0,1,3,,2,031,SR-108,"TUOLUMNE ROAD NORTH",0.00,,Y,A,-,Y,,,108,,,,,,,N,2,0,1,1,C,-,18,,,N,H,A,A,A,H,-,A,D,0,,,,,Y,,-,"- ",1,0,0,0,0,0,0,0,0,"- ","- ",38.039268493652344,-120.217529296875,TUOLUMNE,UNINCORPORATED,-120.21751403808594,38.039241790771484
94738089,2025,2025-06-24,9425,2025-05-24,2030,020575,,6,2,9,5500,0,3,5,,2,003,"WARDS FERRY ROAD","POWELL RANCH ROAD",5280.00,S,N,A,-,N,,,,,,,,,,Y,1,1,0,1,A,-,08,22107,,N,F,A,A,A,G,-,B,D,0,,,,,Y,,D,22,0,0,0,0,0,0,0,0,0,"- ","- ",37.879379272460938,-120.30351257324219,TUOLUMNE,UNINCORPORATED,-120.3026123046875,37.878459930419922
6840519,2015,2015-03-30,9425,2015-02-26,1525,17182,,4,2,9,5500,0,3,5,,2,003,"LAUREL AV","PINE ST ALY WY",0.00,,Y,A,-,N,,,,,,,,,,N,2,0,1,2,A,-,09,21804,A,F,G,B,E,A,H,-,A,D,0,Y,,,,Y,,A,01,1,0,0,0,1,0,0,0,0,"- ","- ",37.958440000000003,-120.23685999999999,TUOLUMNE,UNINCORPORATED,-120.23741126,37.958486520000001
90236692,2016,2016-08-03,9425,2016-06-18,0435,019785,,6,3,9,5500,0,3,5,,2,001,"ALGERINE RD","STENT CUT OFF RD",6864.00,S,N,A,-,N,,,,,,,,,,Y,1,1,0,1,A,-,08,22107,,N,E,I,A,A,H,-,D,A,0,,,,,Y,Y,D,22,0,0,0,0,0,0,0,0,0,"- ","- ",37.915930000000003,-120.38919,TUOLUMNE,UNINCORPORATED,-120.38930721,37.916109319999997
90594947,2017,2017-11-15,9425,2017-11-11,1220,017058,,6,1,9,5500,0,1,3,,2,013,"STATE ROUTE 49","SIMS ROAD",3168.00,S,N,A,-,Y,,,,,,,,,,Y,2,0,1,1,A,-,08,22107,,N,E,I,A,A,H,-,A,D,0,,,Y,,Y,,C,02,1,0,0,0,0,0,0,0,1,"- ","- ",,,TUOLUMNE,UNINCORPORATED,-120.43955123000001,37.88389729
91023994,2019,2019-07-03,9425,2019-06-29,1355,019297,,6,1,9,5500,0,3,5,,2,003,"CHEROKEE RD","TUOLUMNE RD",762.00,N,N,A,-,N,,,,,,,,,,Y,2,0,1,1,A,-,08,22107,,N,E,I,A,A,H,-,A,D,0,,,Y,,Y,,C,02,1,0,0,0,0,0,0,0,1,"- ","- ",37.964649200439453,-120.26461029052734,TUOLUMNE,UNINCORPORATED,-120.26457977294922,37.964153289794922
92331116,2024,2024-03-06,9425,2024-02-28,1550,016812,,3,2,9,5500,0,3,5,,2,002,"LIME KILN RD","LIME ROCK DR",1584.00,N,N,A,-,N,,,,,,,,,,N,2,0,1,1,A,-,01,23152,A,N,F,A,A,A,H,-,A,D,0,,,Y,,Y,Y,C,02,1,0,0,0,0,0,0,0,1,"- ","- ",37.956329345703125,-120.36871337890625,TUOLUMNE,UNINCORPORATED,-120.36865997314453,37.956302642822266
6798057,2015,2016-09-13,9425,2015-01-17,1745,017182,,6,2,9,5500,0,3,5,,2,003,"ALLISON WY","RT 108",31.00,S,N,A,-,Y,TUO,10,108,-,-,6.740,I,6,E,Y,2,0,1,1,A,-,01,23152,A,N,E,J,A,A,H,-,D,D,0,,,,,Y,Y,A,07,1,0,0,0,0,0,0,0,0,"- ","- ",,,TUOLUMNE,UNINCORPORATED,-120.27902640000001,37.990565349999997
90093821,2015,2016-01-12,9425,2015-12-07,2500,016886,,1,4,9,5500,0,3,5,,1,004,"MOCCASIN CREEK ROAD",SR-120,2640.00,N,N,A,-,N,,,,,,,,,,Y,1,1,0,1,A,-,21,22106,,N,H,I,A,A,H,-,D,A,0,,,,,Y,,A,01,0,0,0,0,0,0,0,0,0,"- ","- ",37.819710000000001,-120.3202,TUOLUMNE,UNINCORPORATED,-120.31882972,37.819010560000002
92291535,2024,2024-01-19,9425,2024-01-12,1215,019287,,5,1,9,5500,0,1,3,,2,022,SR-49,"PESCE WAY",430.00,N,N,A,-,Y,TUO,,49," "," ",18.844,H,,R,N,2,0,1,2,A,-,08,22107,,N,G,B,E,A,H,-,A,D,0,Y,,,,Y,,A,01,1,0,0,0,1,0,0,0,0,"- ","- ",37.994979858398438,-120.38329315185547,TUOLUMNE,UNINCORPORATED,-120.38332366943359,37.994979858398438
90263058,2016,2016-09-07,9425,2016-08-18,1615,018559,,4,2,9,5500,0,1,3,,2,011,"SR-120 W/B","RUSHING HILL LOOKOUT RD",7392.00,W,N,A,-,Y,,,120,,,,,,W,Y,1,1,1,1,A,-,08,22107,,N,F,A,A,A,H,-,A,D,0,,,,,Y,,A,07,0,1,0,0,0,0,0,0,0,"- ","- ",37.850160000000002,-120.58459999999999,TUOLUMNE,UNINCORPORATED,-120.58462701000001,37.849995970000002
90852071,2018,2018-11-02,9425,2018-10-28,1200,014725,,7,1,9,5500,0,1,3,,2,041,"STATE ROUTE 120","GRIZZLY ROAD",2112.00,E,N,A,-,Y,,,120,,,,,,,Y,2,0,1,1,A,-,08,22107,,N,F,A,A,A,H,-,A,D,0,,,Y,,Y,,C,02,1,0,0,0,0,0,0,0,1,"- ","- ",37.819858551025391,-120.30068206787109,TUOLUMNE,UNINCORPORATED,-120.30078125,37.819972991943359
9256260,2021,2023-06-17,5501,2021-03-01,1835,LD1,5501,1,5,2,5501,0,0,0,,0,001,"RT 49","RT 108",96.00,N,N,A,-,Y,TUO,10,49,-,-,16.290,R,2,N,Y,1,1,0,1,A,-,08,22107,,N,E,I,A,A,H,-,D,D,0,,,,,Y,Y,A,01,0,0,0,0,0,0,0,0,0,TO,"- ",37.967300415039062,-120.40231323242188,TUOLUMNE,SONORA,-120.39713287353516,37.964057922363281
90803882,2018,2018-08-31,9425,2018-08-26,1215,016886,,7,1,9,5500,0,1,3,,2,041,SR-120,"PRIEST COULTERVILLE ROAD",3432.00,W,N,A,-,Y,,,120,,,,,,,N,2,0,1,2,A,-,05,21460,A,N,A,C,A,A,H,-,A,A,0,,,Y,,Y,,C,02,1,0,0,0,0,0,0,0,1,"- ","- ",37.820228576660156,-120.27690887451172,TUOLUMNE,UNINCORPORATED,-120.27687835693359,37.820255279541016
90909820,2019,2019-01-23,9425,2019-01-21,0720,019287,,1,1,9,5500,0,1,3,,2,031,SR-108,"SUGERPINE RD",750.00,W,N,B,-,Y,,,108,,,,,,,Y,2,0,1,1,A,-,08,22107,,N,F,A,A,C,H,-,A,D,0,,,,,Y,,A,07,1,0,0,0,0,0,0,0,0,"- ","- ",38.064239501953125,-120.19570159912109,TUOLUMNE,UNINCORPORATED,-120.19565582275391,38.064216613769531
91067491,2019,2019-09-04,9425,2019-08-29,1535,017403,,4,2,9,5500,0,1,3,,1,044,SR-132,"ENEBRO WAY",177.00,W,N,A,-,Y,,,132,,,,,,,Y,2,0,1,1,A,-,08,22107,,N,E,I,A,A,H,-,A,D,0,,,,,Y,,D,22,1,0,0,0,0,0,0,0,0,"- ","- ",37.704380035400391,-120.33429718017578,TUOLUMNE,UNINCORPORATED,-120.33422088623047,37.704372406005859
6980185,2015,2016-11-19,9425,2015-06-20,1655,16886,,6,2,9,5500,0,1,3,,2,041,"RT 120","SMITH STATION RD",18.00,E,N,A,-,Y,TUO,10,120,-,R,39.470,H,-,W,Y,2,0,8,3,A,-,03,22350,,N,C,C,A,A,H,-,A,D,5,,,,,Y,,A,07,3,3,2,0,0,0,0,0,0,"- ","- ",37.813510000000001,-120.11937,TUOLUMNE,UNINCORPORATED,-120.1204589,37.813540949999997
90042964,2015,2015-11-02,9425,2015-09-21,1640,018544,,1,2,9,5500,0,1,3,,2,031,SR-108,"GEORGES DRIVE",146.00,W,N,A,-,Y,,,108,,,,,,,Y,1,1,1,1,A,-,08,22107,,N,E,I,A,A,H,-,A,D,0,,,,,Y,,A,07,1,0,0,0,0,0,0,0,0,"- ","- ",38.123289999999997,-120.11183,TUOLUMNE,UNINCORPORATED,-120.11178105,38.123232690000002
5912238,2014,2014-04-18,9425,2014-02-15,1645,17461,,6,2,9,5500,0,3,5,,1,004,"PINE MOUNTAIN DR","FERRETTI RD",91.00,E,N,A,-,N,,,,,,,,,,Y,1,1,0,1,A,-,01,23152,A,N,F,A,A,A,H,-,A,D,0,,,Y,,Y,Y,C,02,0,0,0,0,0,0,0,1,0,"- ","- ",37.846200000000003,-120.2212,TUOLUMNE,UNINCORPORATED,-120.22078999,37.846764120000003
6290085,2014,2014-03-11,9425,2014-01-29,1520,17182,,3,2,9,5500,0,1,3,,2,011,"RT 120","SIMS RD",0.00,,Y,B,-,Y,TUO,10,120,-,-,14.747,I,5,E,Y,1,1,1,2,A,-,09,21802,A,N,D,C,A,A,H,-,A,A,5,,,,Y,Y,,D,22,0,1,0,0,0,0,0,0,0,"- ","- ",37.877670000000002,-120.44846,TUOLUMNE,UNINCORPORATED,-120.44858238,37.877704229999999
6290086,2014,2014-03-11,9425,2014-01-31,1720,17182,,5,2,9,5500,0,1,3,,1,021,"RT 108","PEACEFUL OAK RD",528.00,E,N,A,-,Y,TUO,10,108,-,T,4.630,H,-,E,Y,1,1,2,2,A,-,08,22107,,N,E,I,A,A,H,-,B,D,0,,,,,Y,,A,01,0,0,2,0,0,0,0,0,0,"- ","- ",37.978589999999997,-120.31471000000001,TUOLUMNE,UNINCORPORATED,-120.31580262999999,37.978871789999999
6291844,2014,2015-01-14,9425,2014-10-28,1905,17182,,2,2,9,5500,0,3,5,,2,001,"CAMPO SECO RD","RAILWAY LN",465.00,E,N,A,-,N,,,,,,,,,,Y,1,1,2,1,A,-,01,23152,A,N,E,J,A,A,H,-,D,D,0,,,,,Y,,A,07,1,1,0,0,0,0,0,0,0,"- ","- ",37.963929999999998,-120.38361999999999,TUOLUMNE,UNINCORPORATED,-120.38359766000001,37.963723280000004
6454047,2014,2016-04-11,9425,2014-04-05,2120,019785,,6,2,9,5500,0,1,3,,2,031,"RT 108","COFFIL RD",278.00,E,N,A,-,Y,TUO,10,108,-,-,13.450,H,-,E,Y,2,0,1,1,A,-,08,22107,,N,E,I,A,A,H,-,D,D,0,,,,,Y,,D,22,1,0,0,0,0,0,0,0,0,"- ","- ",37.980670000000003,-120.31994,TUOLUMNE,UNINCORPORATED,-120.20411099,38.047127500000002
6456663,2014,2014-07-10,9425,2014-04-04,1540,18822,,5,2,9,5500,0,3,5,,2,001,"CAMPO SECO RD","GOLDEN OAKS DR",528.00,E,N,A,-,N,,,,,,,,,,Y,2,0,1,1,A,-,08,22107,,N,E,I,A,A,H,-,A,D,0,,,,,Y,,A,07,1,0,0,0,0,0,0,0,0,"- ","- ",37.94746,-120.41077,TUOLUMNE,UNINCORPORATED,-120.41104638,37.946717249999999
6472720,2014,2016-04-09,9425,2014-04-16,1945,19785,,3,2,2,5501,1,4,S,,2,901,"RT 49","N WASHINGTON ST",0.00,,Y,A,-,Y,TUO,10,49,-,-,17.965,I,5,S,Y,2,0,1,2,A,-,09,21801,A,N,D,C,A,A,H,-,A,D,0,,,Y,,Y,,H,13,1,0,0,0,0,0,0,0,1,"- ","- ",37.990430000000003,-120.38449,TUOLUMNE,SONORA,-120.43475024,37.874880730000001
6491464,2014,2016-04-11,9425,2014-05-05,1500,17403,,1,2,9,5500,0,1,3,,2,042,"RT 120","GOLDEN ARROW RD",2112.00,E,N,A,-,Y,TUO,10,120,-,R,54.650,H,-,W,N,2,0,2,1,A,-,08,22107,,N,E,I,A,A,H,-,A,D,5,,,Y,,Y,,C,02,1,0,1,0,0,0,0,0,2,"- ","- ",,,TUOLUMNE,UNINCORPORATED,-119.89980377000001,37.813117099999999
6499748,2014,2016-04-11,9425,2014-05-05,1330,18544,,1,1,9,5500,0,1,3,,2,032,"RT 108","KENNEDY MEADOW RD",9504.00,E,N,B,-,Y,TUO,10,108,-,-,59.660,H,-,W,Y,2,0,1,1,A,-,03,22350,,N,E,I,A,A,H,-,A,D,0,,,,,Y,,D,22,1,0,0,0,0,0,0,0,0,"- ","- ",,,TUOLUMNE,UNINCORPORATED,-119.73030244,38.316523529999998
6500811,2014,2014-07-28,9425,2014-05-15,2008,18965,,4,2,9,5500,0,3,5,,2,002,"SPRINGFIELD RD","RT 49",1056.00,E,N,B,-,N,,,,,,,,,,Y,2,0,1,1,A,-,08,22107,,N,F,A,A,A,H,-,B,D,0,,,Y,,Y,,C,02,1,0,0,0,0,0,0,0,1,"- ","- ",38.014020000000002,-120.41574,TUOLUMNE,UNINCORPORATED,-120.41596570999999,38.013915609999998
6504243,2014,2016-04-09,9425,2014-05-25,1215,017461,,7,1,9,5500,0,1,3,,1,043,"RT 49","BLACKS CREEK RD",4224.00,N,N,A,-,Y,TUO,10,49,-,-,0.510,H,-,N,Y,2,0,1,1,A,-,03,22350,,N,E,I,A,A,H,-,A,A,0,,,Y,,Y,,C,02,1,0,0,0,0,0,0,0,1,"- ","- ",37.814999999999998,-120.3121,TUOLUMNE,UNINCORPORATED,-120.43479083,37.874729360000003
6549464,2014,2016-04-14,9425,2014-06-19,1146,013869,,4,1,9,5500,0,1,3,,2,011,"RT 120","TULLOCH DAM RD",7920.00,E,N,A,-,Y,TUO,10,120,-,R,2.860,H,-,E,Y,2,0,1,2,A,-,08,22107,,N,B,C,A,A,H,-,A,D,5,,,,,Y,,A,01,1,0,0,0,0,0,0,0,0,"- ","- ",,,TUOLUMNE,UNINCORPORATED,-120.6006245,37.847579510000003