CASE_ID,ACCIDENT_YEAR,PROC_DATE,JURIS,COLLISION_DATE,COLLISION_TIME,OFFICER_ID,REPORTING_DISTRICT,DAY_OF_WEEK,CHP_SHIFT,POPULATION,CNTY_CITY_LOC,SPECIAL_COND,BEAT_TYPE,CHP_BEAT_TYPE,CITY_DIVISION_LAPD,CHP_BEAT_CLASS,BEAT_NUMBER,PRIMARY_RD,SECONDARY_RD,DISTANCE,DIRECTION,INTERSECTION,WEATHER_1,WEATHER_2,STATE_HWY_IND,CALTRANS_COUNTY,CALTRANS_DISTRICT,STATE_ROUTE,ROUTE_SUFFIX,POSTMILE_PREFIX,POSTMILE,LOCATION_TYPE,RAMP_INTERSECTION,SIDE_OF_HWY,TOW_AWAY,COLLISION_SEVERITY,NUMBER_KILLED,NUMBER_INJURED,PARTY_COUNT,PRIMARY_COLL_FACTOR,PCF_CODE_OF_VIOL,PCF_VIOL_CATEGORY,PCF_VIOLATION,PCF_VIOL_SUBSECTION,HIT_AND_RUN,TYPE_OF_COLLISION,MVIW,PED_ACTION,ROAD_SURFACE,ROAD_COND_1,ROAD_COND_2,LIGHTING,CONTROL_DEVICE,CHP_ROAD_TYPE,PEDESTRIAN_ACCIDENT,BICYCLE_ACCIDENT,MOTORCYCLE_ACCIDENT,TRUCK_ACCIDENT,NOT_PRIVATE_PROPERTY,ALCOHOL_INVOLVED,STWD_VEHTYPE_AT_FAULT,CHP_VEHTYPE_AT_FAULT,COUNT_SEVERE_INJ,COUNT_VISIBLE_INJ,COUNT_COMPLAINT_PAIN,COUNT_PED_KILLED,COUNT_PED_INJURED,COUNT_BICYCLIST_KILLED,COUNT_BICYCLIST_INJURED,COUNT_MC_KILLED,COUNT_MC_INJURED,PRIMARY_RAMP,SECONDARY_RAMP,LATITUDE,LONGITUDE,COUNTY,CITY,POINT_X,POINT_Y
6590253,2014,2014-09-05,9425,2014-08-09,0210,16886,,6,3,9,5500,0,3,5,,1,004,"EVERGREEN RD","MATHER RD",7920.00,S,N,A,-,N,,,,,,,,,,Y,2,0,2,1,A,-,01,23152,A,F,E,I,A,A,H,-,D,D,0,,,,,Y,Y,D,22,1,1,0,0,0,0,0,0,0,"- ","- ",37.865540000000003,-119.86774,TUOLUMNE,UNINCORPORATED,-119.86792353,37.865377260000002
6622085,2014,2016-04-29,9425,2014-09-03,1245,016751,,3,1,9,5500,0,1,3,,2,032,"RT 108","FOREST RD 5N30",4224.00,W,N,A,-,Y,TUO,10,108,-,-,39.320,H,-,W,Y,2,0,1,2,A,-,06,21750,,N,B,A,A,A,H,-,A,D,0,,,Y,,Y,,C,02,1,0,0,0,0,0,0,0,1,"- ","- ",,,TUOLUMNE,UNINCORPORATED,-119.98280088999999,38.273777260000003
6622117,2014,2016-04-29,9425,2014-09-07,0810,012786,,7,1,9,5500,0,1,3,,2,011,"RT 120","DON PEDRO LAKE VISTA POINT",5808.00,E,N,A,-,Y,TUO,10,120,-,R,19.400,H,-,E,Y,2,0,2,1,A,-,08,22107,,N,F,A,A,A,H,-,A,D,5,,,,,Y,,A,08,1,1,0,0,0,0,0,0,0,"- ","- ",,,TUOLUMNE,UNINCORPORATED,-120.38174995999999,37.843733780000001
6635495,2014,2016-04-29,9425,2014-09-20,1615,018965,,6,2,9,5500,0,1,3,,2,031,"RT 108","CONFIDENCE RD",0.00,,Y,B,-,Y,TUO,10,108,-,-,13.200,I,5,W,Y,2,0,3,2,A,-,05,21460,A,N,F,A,A,A,H,-,A,D,0,,,Y,,Y,,C,02,1,2,0,0,0,0,0,0,1,"- ","- ",,,TUOLUMNE,UNINCORPORATED,-120.20723384999999,38.045196220000001
6664638,2014,2014-12-15,9425,2014-10-02,0650,014725,,4,1,9,5500,0,3,5,,1,004,"ZARZAMORA ST","ALAMEDA DR",74.00,N,N,A,-,N,,,,,,,,,,Y,2,0,1,1,A,-,08,22107,,N,E,I,A,A,H,-,A,D,0,,,,,Y,,A,01,1,0,0,0,0,0,0,0,0,"- ","- ",,,TUOLUMNE,UNINCORPORATED,-120.32881641,37.669911200000001
6678270,2014,2014-11-04,9425,2014-09-09,1244,17403,,2,1,9,5500,0,1,3,,2,041,"RT 120","ANDERSON ST",3168.00,W,N,A,-,Y,TUO,10,120,-,-,29.430,H,-,W,Y,1,1,1,1,A,-,08,22107,,N,E,I,A,A,H,-,A,A,5,,,Y,,Y,,C,02,1,0,0,0,0,0,0,1,1,"- ","- ",,,TUOLUMNE,UNINCORPORATED,-120.26958997,37.81488409
6682408,2014,2014-12-22,9425,2014-10-18,1130,019287,,6,1,9,5500,0,1,3,,2,032,"RT 108","KENNEDY MEADOW RD",10560.00,E,N,A,-,Y,,,108,,,,,,,N,2,0,1,2,A,-,08,22107,,N,B,C,A,A,H,-,A,D,0,,,Y,,Y,,C,02,1,0,0,0,0,0,0,0,1,"- ","- ",38.316969999999998,-119.73350000000001,TUOLUMNE,UNINCORPORATED,-119.73348276999999,38.316973769999997
6701921,2014,2014-12-09,9425,2014-10-28,2330,017403,,2,3,9,5500,0,1,3,,2,041,"RT 120","GRIZZLY RD",16368.00,E,N,A,-,Y,,,,,,,,,,Y,2,0,1,1,A,-,08,22107,,N,E,I,A,A,H,-,D,D,0,,,Y,,Y,,C,02,1,0,0,0,0,0,0,0,1,"- ","- ",,,TUOLUMNE,UNINCORPORATED,-120.27688953000001,37.82054308
6718643,2017,2018-03-06,5501,2017-11-18,1922,BN1,5501,6,5,2,5501,0,0,0,,0,001,"RT 49","WOODS CREEK DR",365.00,E,N,A,-,Y,TUO,10,49,-,-,17.560,H,-,N,Y,1,1,0,2,A,-,11,21954,A,N,G,B,D,A,H,-,C,D,0,Y,,,,Y,,N,60,0,0,0,1,0,0,0,0,0,"- ","- ",37.982089999999999,-120.38799,TUOLUMNE,SONORA,-120.388407,37.981115000000003
6736519,2014,2014-12-23,5501,2014-06-07,1319,CR1,5501,6,5,2,5501,0,0,0,,0,002,"GREENLEY RD","MONO WY",224.00,N,N,A,-,N,,,,,,,,,,N,2,0,2,3,A,-,10,21952,,N,G,B,B,A,H,-,A,D,0,Y,,,,Y,,A,01,1,0,1,0,2,0,0,0,0,"- ","- ",,,TUOLUMNE,SONORA,-120.36895887999999,37.975740039999998
6779452,2014,2015-02-11,9425,2014-12-12,1450,014725,,5,2,9,5500,0,3,5,,1,004,"SMITH STATION RD","ELMORE RD",5280.00,S,N,B,C,N,,,,,,,,,,Y,2,0,1,1,A,-,03,22350,,N,E,I,A,B,H,-,A,D,0,,,,,Y,,A,01,1,0,0,0,0,0,0,0,0,"- ","- ",,,TUOLUMNE,UNINCORPORATED,-120.12125723,37.799262769999999
6783660,2015,2015-03-25,9425,2015-03-09,1730,18644,,1,2,9,5500,0,2,4,,2,025,"PARROTTS FERRY RD","PORCINA WY",7392.00,N,N,A,-,N,,,,,,,,,,Y,2,0,1,1,A,-,05,21650,,N,F,A,A,A,H,-,A,D,0,,,,,Y,,D,22,1,0,0,0,0,0,0,0,0,"- ","- ",38.051209999999998,-120.43813,TUOLUMNE,UNINCORPORATED,-120.41637,38.052160000000001
6787277,2015,2016-09-14,9425,2015-01-10,1541,018965,,6,2,9,5500,0,1,3,,2,022,"RT 49","REYNOLDS FERRY RD",525.00,S,N,A,-,Y,TUO,10,49,-,-,25.900,H,-,S,Y,2,0,2,2,A,-,01,23152,A,N,E,I,A,A,H,-,A,D,0,,,Y,,Y,Y,C,02,2,0,0,0,0,0,0,0,2,"- ","- ",37.990830000000003,-120.47530999999999,TUOLUMNE,UNINCORPORATED,-120.43478738,37.874945169999997
6790111,2015,2015-02-20,9425,2015-01-09,2128,19785,,5,2,9,5500,0,2,4,,2,023,"PHOENIX LAKE RD","OLD PHOENIX LAKE RD",315.00,W,N,A,-,N,,,,,,,,,,Y,2,0,2,2,A,-,01,23152,A,N,A,C,A,A,H,-,D,D,0,,,,,Y,Y,A,07,1,1,0,0,0,0,0,0,0,"- ","- ",37.999200000000002,-120.31332999999999,TUOLUMNE,UNINCORPORATED,-120.31305,38.000529999999998
6798058,2015,2016-09-13,9425,2015-01-10,0750,018544,,6,1,9,5500,0,1,3,,2,031,"RT 108","SOULSBYVILLE RD",3168.00,E,N,A,-,Y,TUO,10,108,-,-,8.070,H,-,W,Y,2,0,1,1,A,-,08,22107,,N,E,J,A,A,H,-,A,D,0,,,,,Y,,A,01,1,0,0,0,0,0,0,0,0,"- ","- ",,,TUOLUMNE,UNINCORPORATED,-120.26032911999999,38.002086499999997
6878082,2015,2015-04-17,9425,2015-04-05,1430,014725,,7,2,9,5500,0,2,4,,2,024,"TUOLUMNE RD","WOODHAM CARNE RD",0.00,,Y,B,-,N,,,,,,,,,,Y,2,0,4,2,A,-,01,23152,A,N,D,C,A,A,H,-,A,A,0,,,,,Y,Y,D,22,1,2,1,0,0,0,0,0,0,"- ","- ",37.96313,-120.28449000000001,TUOLUMNE,UNINCORPORATED,-120.28444998000001,37.96309995
6922224,2015,2016-11-19,9425,2015-05-03,1740,18644,,7,2,9,5500,0,1,3,,2,031,"RT 108","TUOLUMNE RD N",0.00,,Y,A,-,Y,TUO,10,108,-,R,11.752,I,5,E,Y,2,0,3,2,A,-,09,21802,A,N,D,C,A,A,H,-,A,A,0,,,,,Y,,A,01,2,1,0,0,0,0,0,0,0,"- ","- ",38.039189999999998,-120.21764,TUOLUMNE,UNINCORPORATED,-120.21764292,38.03917912
6929905,2015,2015-06-03,9425,2015-05-06,0710,014725,,3,1,9,5500,0,3,5,,2,002,"SAWMILL FLAT RD","BIG HILL RD",2112.00,S,N,A,-,N,,,,,,,,,,Y,2,0,2,1,A,-,08,22107,,N,E,I,A,A,H,-,B,D,0,,,,,Y,Y,A,07,1,1,0,0,0,0,0,0,0,"- ","- ",,,TUOLUMNE,UNINCORPORATED,-120.37913617,38.032813240000003
6935717,2015,2016-11-19,9425,2015-05-16,1300,018544,,6,1,9,5500,0,2,4,,2,014,"LA GRANGE RD","RT 120",52.00,S,N,B,-,Y,TUO,10,120,-,-,8.190,I,6,E,Y,2,0,2,1,A,-,01,23152,A,N,E,I,A,A,H,-,A,D,5,,,,,Y,Y,D,22,1,1,0,0,0,0,0,0,0,"- ","- ",37.843040000000002,-120.50763000000001,TUOLUMNE,UNINCORPORATED,-120.50799175,37.843425449999998
6937511,2015,2016-12-07,9425,2015-05-15,1425,018822,,5,2,9,5500,0,1,3,,2,013,"RT 49","VICTORIA WY",0.00,,Y,A,-,Y,TUO,10,49,-,-,13.770,H,-,S,Y,2,0,3,3,A,-,09,21801,A,N,D,C,A,A,H,-,A,A,0,,,Y,,Y,,C,02,1,1,1,0,0,0,0,0,1,"- ","- ",37.943469999999998,-120.42948,TUOLUMNE,UNINCORPORATED,-120.43474863,37.874843380000002
6984193,2015,2017-01-13,9425,2015-07-08,1736,18965,,3,2,9,5500,0,1,3,,1,021,"RT 108","MONO WY",528.00,E,N,A,-,Y,TUO,10,108,-,R,2.602,R,2,W,Y,2,0,1,1,A,-,08,22107,,N,E,J,A,A,H,-,A,D,0,,,,,Y,,A,07,1,0,0,0,0,0,0,0,0,TO,"- ",37.976669999999999,-120.35872000000001,TUOLUMNE,UNINCORPORATED,-120.3508762,37.977848909999999
6992019,2015,2017-01-13,9425,2015-07-03,1645,019785,,5,2,9,5500,0,1,3,,2,011,"RT 120","ENTERPRISE WY",2112.00,W,N,A,-,Y,TUO,10,120,-,-,13.420,H,-,E,Y,2,0,5,3,A,-,03,22350,,N,C,C,A,A,H,-,A,D,5,,,,,Y,,D,22,3,0,2,0,0,0,0,0,0,"- ","- ",37.880470000000003,-120.46975,TUOLUMNE,UNINCORPORATED,-120.47002061000001,37.880501350000003
6992732,2015,2015-09-03,9425,2015-07-11,1830,18644,,6,2,9,5500,0,3,5,,2,003,"COTTONWOOD RD","FISH HATCHERY RD",1056.00,W,N,A,-,N,,,,,,,,,,Y,2,0,2,1,A,-,01,23152,A,N,F,A,A,A,H,-,A,D,0,,,Y,,Y,Y,C,02,1,1,0,0,0,0,0,0,2,"- ","- ",37.993769999999998,-120.18324,TUOLUMNE,UNINCORPORATED,-120.17547319000001,37.989751419999997
7029026,2015,2017-01-13,9425,2015-08-04,2330,017461,,2,3,9,5500,0,1,3,,2,041,"RT 120","MEMORIAL DR",528.00,E,N,A,-,Y,TUO,10,120,-,-,31.390,H,-,W,Y,2,0,1,1,A,-,03,22350,,N,E,I,A,A,H,-,D,D,5,,,Y,,Y,,C,02,1,0,0,0,0,0,0,0,1,"- ","- ",37.494999999999997,-120.1448,TUOLUMNE,UNINCORPORATED,-120.24360088,37.832535110000002
8164987,2016,2016-11-18,5501,2016-07-11,1306,JM5,5501,1,5,2,5501,0,0,0,,0,002,"BARRETTA ST","E CHURCH ST",103.00,S,N,A,-,N,,,,,,,,,,N,2,0,1,2,A,-,01,23152,A,M,C,E,A,A,H,-,A,D,0,,,,,Y,Y,D,72,1,0,0,0,0,0,0,0,0,"- ","- ",37.975349999999999,-120.37685,TUOLUMNE,SONORA,-120.37987886000001,37.981936589999997
8471878,2017,2018-04-23,5501,2017-06-05,1101,EW1,5501,1,5,2,5501,0,0,0,,0,001,"RT 49","SOUTH WASHINGTON ST",0.00,,Y,A,-,Y,TUO,10,49,-,-,17.965,I,5,S,N,2,0,1,2,A,-,05,21650,1,N,H,G,A,A,H,-,A,A,0,,Y,,,Y,,L,04,1,0,0,0,0,0,1,0,0,"- ","- ",37.982900000000001,-120.38213,TUOLUMNE,SONORA,-120.43475024,37.874880730000001
8800294,2018,2019-03-26,5501,2018-07-10,1438,LD1,5501,2,5,2,5501,0,0,0,,0,002,"RT 49","PESCE WY",300.00,S,N,A,-,Y,TUO,10,49,-,-,18.690,H,-,N,Y,2,0,1,1,A,-,05,21650,,N,E,J,A,A,H,-,A,D,0,,,,,Y,,A,07,1,0,0,0,0,0,0,0,0,"- ","- ",37.992950439453125,-120.38298797607422,TUOLUMNE,SONORA,-120.43475341796875,37.874885559082031
8910987,2019,2021-06-02,5501,2019-12-13,0830,SM2,5501,5,5,2,5501,0,0,0,,0,001,"RT 49","MILL VILLA CT",406.00,W,N,A,-,Y,TUO,10,49,-,-,16.770,H,-,S,Y,1,1,1,2,A,-,00,23103,,N,A,C,A,A,H,-,A,D,0,,,,,Y,Y,A,01,1,0,0,0,0,0,0,0,0,"- ","- ",37.969768524169922,-120.39531707763672,TUOLUMNE,SONORA,-120.43474578857422,37.874870300292969
8939570,2019,2020-02-28,5501,2019-01-26,1753,PC1,5501,6,5,2,5501,0,0,0,,0,001,"RT 49","MILL VILLA CT",586.00,E,N,A,-,Y,TUO,10,49,-,-,16.920,H,-,S,N,1,1,0,2,A,-,09,21804,A,N,H,G,A,A,H,-,D,D,0,,Y,,,Y,,L,04,0,0,0,0,0,1,0,0,0,"- ","- ",37.969768524169922,-120.39531707763672,TUOLUMNE,SONORA,-120.43474578857422,37.874870300292969
90012871,2015,2015-10-19,9425,2015-08-22,1149,016886,,6,1,9,5500,0,1,3,,2,041,SR-120,"FERRETTI ROAD (WEST)",157.00,E,N,A,-,Y,,,120,,,,,,,N,2,0,1,2,A,-,09,21801,A,N,A,G,A,A,H,-,A,D,0,,Y,,,Y,,A,01,1,0,0,0,0,0,1,0,0,"- ","- ",37.839959999999998,-120.22472,TUOLUMNE,UNINCORPORATED,-120.22473257,37.839872270000001
90012917,2015,2015-10-19,9425,2015-08-22,0935,018644,,6,1,9,5500,0,1,3,,2,032,SR-108,"KENNEDY MEADOW RD",3168.00,W,N,A,-,Y,,,108,,,,,,,N,2,0,1,1,A,-,03,22350,,N,F,A,A,A,H,-,A,D,0,,,Y,,Y,,C,02,1,0,0,0,0,0,0,0,1,"- ","- ",38.331580000000002,-119.75937999999999,TUOLUMNE,UNINCORPORATED,-119.75940555,38.331511669999998
90013056,2015,2015-10-19,9425,2015-08-29,1840,018822,,6,2,9,5500,0,1,3,,2,031,SR-108,"SNOWWHITE RIDGE DR",3696.00,W,N,A,-,Y,,,108,,,,,,,Y,2,0,2,1,A,-,01,23152,A,N,E,I,A,A,H,-,A,D,0,,,,,Y,Y,A,07,1,1,0,0,0,0,0,0,0,"- ","- ",38.142800000000001,-120.08615,TUOLUMNE,UNINCORPORATED,-120.08614965,38.14279629
90028251,2015,2015-10-19,9425,2015-08-15,1605,019773,,6,2,9,5500,0,1,3,,2,011,"STATE ROUTE 120 EASTBOUND","TULLOCH DAM RD",74.00,W,N,A,-,Y,,,120,,,,,,E,Y,1,3,0,2,A,-,01,23152,E,N,A,C,A,A,H,-,A,A,0,,,,,Y,,A,07,0,0,0,0,0,0,0,0,0,"- ","- ",37.838099999999997,-120.62564999999999,TUOLUMNE,UNINCORPORATED,-120.62577176000001,37.838160960000003
90075365,2015,2015-12-16,9425,2015-12-09,2048,019773,,3,2,9,5500,0,3,5,,2,003,"SOULSBYVILLE RD","BLACK OAK RD",440.00,S,N,A,-,N,,,,,,,,,,Y,2,0,2,1,A,-,08,22107,,N,E,I,A,A,H,-,D,D,0,,,,,Y,,A,01,1,1,0,0,0,0,0,0,0,"- ","- ",37.973419999999997,-120.27585999999999,TUOLUMNE,UNINCORPORATED,-120.27527446000001,37.97299649
90079170,2015,2015-12-21,9425,2015-12-06,1410,014725,,7,2,9,5500,0,3,5,,2,001,"TWIST ROAD","LONE BEND ROAD",0.00,,Y,A,-,N,,,,,,,,,,Y,2,0,4,5,A,-,05,21650,,N,A,G,A,A,H,-,A,D,0,,Y,,,Y,,A,08,1,3,0,0,0,0,4,0,0,"- ","- ",37.875039999999998,-120.37935,TUOLUMNE,UNINCORPORATED,-120.37931996,37.874749919999999
90092503,2016,2016-01-11,9425,2016-01-03,1530,019785,,7,2,9,5500,0,1,3,,2,031,"STATE ROUTE 108","TOBAN WAY",65.00,E,N,A,-,Y,,,108,,,,,,,N,2,0,1,2,A,-,00,21954,,N,G,B,E,A,H,-,A,D,0,Y,,,,Y,,N,60,1,0,0,0,1,0,0,0,0,"- ","- ",38.077860000000001,-120.16742000000001,TUOLUMNE,UNINCORPORATED,-120.16739993,38.077771859999999
90101733,2016,2016-01-25,9425,2016-01-10,2230,018822,,7,3,9,5500,0,1,3,,2,013,SR-49,"CHICKEN RANCH RD",725.00,S,N,A,-,Y,,,,,,,,,,Y,2,0,1,1,A,-,08,22107,,N,E,I,A,A,H,-,D,A,0,,,,,Y,,A,01,1,0,0,0,0,0,0,0,0,"- ","- ",,,TUOLUMNE,UNINCORPORATED,,
90108648,2015,2016-02-03,9425,2015-10-24,1830,017461,,6,2,9,5500,0,1,3,,2,041,"STATE ROUTE 120","SMITH STATION RD",528.00,E,N,A,-,Y,,,120,,,,,,,Y,1,5,2,2,A,-,01,23152,A,N,A,C,A,A,H,-,A,D,0,,,,,Y,Y,A,07,2,0,0,0,0,0,0,0,0,"- ","- ",37.813600000000001,-120.1187,TUOLUMNE,UNINCORPORATED,-120.11869561,37.813563780000003
90125181,2016,2016-02-29,9425,2016-02-16,1645,019287,,2,2,9,5500,0,3,5,,2,002,"MONO WAY","TUOLUMNE RD",180.00,W,N,A,-,N,,,,,,,,,,Y,2,0,1,1,A,-,01,23152,E,N,E,I,A,A,H,-,A,D,0,,,,,Y,,A,07,1,0,0,0,0,0,0,0,0,"- ","- ",37.974679999999999,-120.34694,TUOLUMNE,UNINCORPORATED,-120.34686096999999,37.974792999999998
90130881,2016,2016-03-07,9425,2016-02-29,0650,014725,,1,1,9,5500,0,1,3,,1,021,"STATE ROUTE 108","SOUTH WASHINGTON STREET",1584.00,E,N,A,-,Y,,,,,,,,,,Y,2,0,1,1,A,-,08,22107,,N,E,I,A,A,H,-,A,D,0,,,,,Y,,A,01,1,0,0,0,0,0,0,0,0,"- ","- ",37.581000000000003,-120.22239999999999,TUOLUMNE,UNINCORPORATED,-120.37339175,37.969452330000003
9016314,2019,2020-02-27,5501,2019-09-15,0915,JB2,5501,7,5,2,5501,0,0,0,,0,001,"SOUTH WASHINGTON ST","SYMONS LN",9.00,N,N,A,-,N,,,,,,,,,,N,2,0,2,2,A,-,06,21755,A,N,D,C,A,A,H,-,A,D,0,,,Y,,Y,,C,02,2,0,0,0,0,0,0,0,2,"- ","- ",37.975460052490234,-120.38004302978516,TUOLUMNE,SONORA,-120.37930297851562,37.974506378173828
90190521,2016,2016-05-31,9425,2016-05-15,1546,018965,,7,2,9,5500,0,3,5,,2,001,"SHAWS FLAT RD","JAMESTOWN RD",2.00,S,N,A,-,N,,,,,,,,,,N,2,0,1,2,A,-,01,23152,A,N,F,A,A,A,H,-,A,D,0,,,Y,,Y,Y,C,02,1,0,0,0,0,0,0,0,1,"- ","- ",38.006509999999999,-120.40349999999999,TUOLUMNE,UNINCORPORATED,-120.40359758,38.006614849999998
90191282,2016,2016-05-31,9425,2016-05-19,1846,018965,,4,2,9,5500,0,2,4,,2,023,"PHOENIX LAKE RD","CREEKSIDE DR",243.00,E,N,A,-,N,,,,,,,,,,Y,2,0,1,1,A,-,01,23152,A,N,E,I,A,A,H,-,A,D,0,,,,,Y,Y,A,01,1,0,0,0,0,0,0,0,0,"- ","- ",38.013420000000004,-120.28516,TUOLUMNE,UNINCORPORATED,-120.2851823,38.013348239999999
90196410,2016,2016-06-07,9425,2016-05-21,0655,017461,,6,1,9,5500,0,3,5,,1,004,"FERRETTI RD","PINE MOUNTAIN DRIVE",1056.00,N,N,A,-,N,,,,,,,,,,Y,2,0,2,2,A,-,01,23152,A,N,A,C,A,A,H,-,A,D,0,,,,,Y,Y,A,01,1,0,1,0,0,0,0,0,0,"- ","- ",37.817799999999998,-120.1301,TUOLUMNE,UNINCORPORATED,-120.22273498,37.849117640000003
90207078,2016,2016-06-22,9425,2016-06-18,1730,018544,,6,2,9,5500,0,1,3,,2,013,SR-49,"SIMS RD",4752.00,N,N,B,-,Y,,,49,,,,,,,Y,2,0,1,2,A,-,09,21801,A,N,A,C,A,A,H,-,A,D,0,,,Y,,Y,,D,22,1,0,0,0,0,0,0,0,1,"- ","- ",37.908810000000003,-120.45253,TUOLUMNE,UNINCORPORATED,-120.45253252000001,37.90881048
90209838,2016,2016-06-27,9425,2016-06-14,1508,014853,,2,2,9,5500,0,3,5,,2,001,"SHAWS FLAT ROAD","UNION HILL RD",1056.00,E,N,A,-,N,,,,,,,,,,N,2,0,1,2,A,-,11,21954,A,N,G,B,D,A,H,-,A,D,0,Y,,,,Y,,N,60,1,0,0,0,1,0,0,0,0,"- ","- ",38.018900000000002,-120.40983,TUOLUMNE,UNINCORPORATED,-120.40455157,38.014492230000002
90217734,2016,2016-07-07,9425,2016-06-25,2230,019785,,6,3,9,5500,0,2,4,,2,025,"PARROTTS FERRY ROAD","N. GOLD STREET",200.00,N,N,A,-,N,,,,,,,,,,N,2,0,1,1,A,-,17,21200,,N,F,A,A,A,H,-,D,D,0,,Y,,,Y,Y,L,04,1,0,0,0,0,0,1,0,0,"- ","- ",38.037419999999997,-120.40302,TUOLUMNE,UNINCORPORATED,-120.4027644,38.037189779999999
90219705,2016,2016-07-11,9425,2016-06-19,1715,018965,,7,2,9,5500,0,3,5,,2,002,"BERGEL RD","SR-108 FROM BERGEL ROAD",0.00,,Y,A,-,Y,,,,,,,,,,Y,2,0,4,2,A,-,09,21801,A,N,A,C,A,A,H,-,A,A,0,,,,,Y,,A,01,1,2,1,0,0,0,0,0,0,"- ","- ",37.980179999999997,-120.34017,TUOLUMNE,UNINCORPORATED,,
90229947,2016,2016-08-04,9425,2016-07-16,2318,018965,,6,3,9,5500,0,3,5,,2,002,"POTATO RANCH RD","OLD PHOENIX LAKE RD",406.00,N,N,A,-,N,,,,,,,,,,Y,2,0,2,1,A,-,01,23152,A,N,F,A,A,A,H,-,D,D,0,,,Y,,Y,Y,C,06,1,1,0,0,0,0,0,0,2,"- ","- ",38.004779999999997,-120.31075,TUOLUMNE,UNINCORPORATED,-120.31067612,38.004858339999998
90246744,2016,2016-08-17,9425,2016-07-16,1345,018544,,6,1,9,5500,0,1,3,,2,031,SR-108,"HERRING CREEK LN",3168.00,W,N,A,-,Y,,,108,,,,,,,Y,1,1,0,1,A,-,01,23152,E,N,E,I,A,A,H,-,A,D,0,,,Y,,Y,,C,02,0,0,0,0,0,0,0,1,0,"- ","- ",38.20185,-120.02217,TUOLUMNE,UNINCORPORATED,-120.02216430999999,38.20184424
90247953,2016,2016-08-18,9425,2016-07-30,0732,018544,,6,1,9,5500,0,1,3,,2,011,SR-120,"JACKSONVILLE RD",13200.00,W,N,A,-,Y,,,120,,,,,,,Y,1,1,0,2,A,-,08,22107,,N,B,C,A,A,H,-,A,D,0,,,Y,,Y,,A,01,0,0,0,0,0,0,0,1,0,"- ","- ",37.845320000000001,-120.38397999999999,TUOLUMNE,UNINCORPORATED,-120.38402247000001,37.8452585
90252944,2016,2016-08-25,9425,2016-08-15,1642,017403,,1,2,9,5500,0,1,3,,2,041,SR-120,"SPRAGUE RD  E",528.00,W,N,A,-,Y,,,,,,,,,,Y,2,0,1,1,A,-,08,22107,,N,E,I,A,A,H,-,A,D,0,,,,,Y,,A,01,1,0,0,0,0,0,0,0,0,"- ","- ",,,TUOLUMNE,UNINCORPORATED,-120.15800437999999,37.820828200000001
90263160,2016,2016-09-07,9425,2016-09-02,0900,017058,,5,1,9,5500,0,2,4,,2,023,"PHOENIX LAKE ROAD","BEAR CUB DRIVE",575.00,E,N,A,-,N,,,,,,,,,,Y,2,0,1,2,A,-,03,22350,,N,C,E,A,A,H,-,A,D,0,,,Y,,Y,,C,02,1,0,0,0,0,0,0,0,1,"- ","- ",38.005769999999998,-120.30719000000001,TUOLUMNE,UNINCORPORATED,-120.307123,38.005771000000003
90303034,2016,2016-10-27,9425,2016-06-25,2019,018965,,6,2,9,5500,0,3,5,,2,003,"WOODHAM CARNE ROAD","VERGUS ROAD",246.00,N,N,A,-,N,,,,,,,,,,Y,1,1,0,1,A,-,01,23152,A,N,F,A,A,A,H,-,B,D,0,,,Y,,Y,Y,C,02,0,0,0,0,0,0,0,1,0,"- ","- ",37.950020000000002,-120.28062,TUOLUMNE,UNINCORPORATED,-120.27921318999999,37.949182010000001
90307493,2016,2017-01-18,9425,2016-10-19,1700,018544,,3,2,9,5500,0,1,3,,2,022,SR-49,"O'HARA DR",0.00,,Y,A,-,Y,,,49,,,,,,,Y,2,0,3,3,A,-,03,22350,,N,C,C,A,A,H,-,A,D,0,,,Y,,Y,,A,01,2,1,0,0,0,0,0,0,2,"- ","- ",37.998440000000002,-120.38372,TUOLUMNE,UNINCORPORATED,-120.3837053,37.998439519999998
90308932,2016,2016-11-01,9425,2016-10-28,1258,018251,,5,1,9,5500,0,3,5,,2,003,"WILLOW SPRINGS DRIVE WEST","GAUGHEN COURT",581.00,N,N,B,C,N,,,,,,,,,,Y,2,0,2,2,A,-,03,22350,,N,B,C,A,B,H,-,A,D,0,,,,,Y,,D,22,1,1,0,0,0,0,0,0,0,"- ","- ",37.997810000000001,-120.25796,TUOLUMNE,UNINCORPORATED,-120.25807176000001,37.997781719999999
90360663,2017,2017-01-04,9425,2017-01-02,1455,018559,,1,2,9,5500,0,2,4,,2,023,"PHOENIX LAKE RD","PASEO DE LOS PORTALES RD",1584.00,E,N,B,-,N,,,,,,,,,,N,2,0,1,3,A,-,08,22107,,N,B,E,E,B,H,-,A,D,0,Y,,,,Y,,A,01,1,0,0,0,1,0,0,0,0,"- ","- ",38.00882,-120.29792999999999,TUOLUMNE,UNINCORPORATED,-120.29801414000001,38.008949940000001
90383663,2016,2017-02-01,9425,2016-11-13,0747,017058,,7,1,9,5500,0,1,3,,2,031,"STATE ROUTE 108","SOULSBYVILLE ROAD",5280.00,E,N,A,-,Y,,,108,,,,,,,Y,1,1,0,1,A,-,01,23152,E,N,F,A,A,A,H,-,A,D,0,,,,,Y,,A,01,0,0,0,0,0,0,0,0,0,"- ","- ",38.007660000000001,-120.25876,TUOLUMNE,UNINCORPORATED,-120.25874429,38.007650169999998