CASE_ID,ACCIDENT_YEAR,PROC_DATE,JURIS,COLLISION_DATE,COLLISION_TIME,OFFICER_ID,REPORTING_DISTRICT,DAY_OF_WEEK,CHP_SHIFT,POPULATION,CNTY_CITY_LOC,SPECIAL_COND,BEAT_TYPE,CHP_BEAT_TYPE,CITY_DIVISION_LAPD,CHP_BEAT_CLASS,BEAT_NUMBER,PRIMARY_RD,SECONDARY_RD,DISTANCE,DIRECTION,INTERSECTION,WEATHER_1,WEATHER_2,STATE_HWY_IND,CALTRANS_COUNTY,CALTRANS_DISTRICT,STATE_ROUTE,ROUTE_SUFFIX,POSTMILE_PREFIX,POSTMILE,LOCATION_TYPE,RAMP_INTERSECTION,SIDE_OF_HWY,TOW_AWAY,COLLISION_SEVERITY,NUMBER_KILLED,NUMBER_INJURED,PARTY_COUNT,PRIMARY_COLL_FACTOR,PCF_CODE_OF_VIOL,PCF_VIOL_CATEGORY,PCF_VIOLATION,PCF_VIOL_SUBSECTION,HIT_AND_RUN,TYPE_OF_COLLISION,MVIW,PED_ACTION,ROAD_SURFACE,ROAD_COND_1,ROAD_COND_2,LIGHTING,CONTROL_DEVICE,CHP_ROAD_TYPE,PEDESTRIAN_ACCIDENT,BICYCLE_ACCIDENT,MOTORCYCLE_ACCIDENT,TRUCK_ACCIDENT,NOT_PRIVATE_PROPERTY,ALCOHOL_INVOLVED,STWD_VEHTYPE_AT_FAULT,CHP_VEHTYPE_AT_FAULT,COUNT_SEVERE_INJ,COUNT_VISIBLE_INJ,COUNT_COMPLAINT_PAIN,COUNT_PED_KILLED,COUNT_PED_INJURED,COUNT_BICYCLIST_KILLED,COUNT_BICYCLIST_INJURED,COUNT_MC_KILLED,COUNT_MC_INJURED,PRIMARY_RAMP,SECONDARY_RAMP,LATITUDE,LONGITUDE,COUNTY,CITY,POINT_X,POINT_Y
90394250,2016,2017-04-17,9425,2016-10-21,1623,014853,,5,2,9,5500,0,2,4,,2,014,"LA GRANGE ROAD","BONDS FLAT ROAD",1094.00,N,N,A,-,N,,,,,,,,,,Y,1,3,3,3,A,-,05,21460,A,F,F,A,A,A,H,-,A,D,0,,,,,Y,,A,07,2,1,0,0,0,0,0,0,0,"- ","- ",37.716729999999998,-120.44426,TUOLUMNE,UNINCORPORATED,-120.44329557,37.719641080000002
90400531,2017,2017-02-27,9425,2017-02-13,2103,017403,,1,2,9,5500,0,1,3,,2,041,SR-120,"MEMORIAL DR.",1056.00,E,N,B,-,Y,,,,,,,,,,Y,2,0,1,1,A,-,01,23152,A,N,E,I,A,A,H,-,D,D,0,,,,,Y,Y,A,01,1,0,0,0,0,0,0,0,0,"- ","- ",,,TUOLUMNE,UNINCORPORATED,-120.2423549,37.833693140000001
90417028,2017,2017-03-22,9425,2017-03-14,1545,018965,,2,2,9,5500,0,3,5,,2,002,"LOWER QUAIL MINE RD","UPPER QUAIL MINE RD",137.00,E,N,A,-,N,,,,,,,,,,Y,2,0,1,2,A,-,05,21650,,N,A,C,A,A,H,-,A,D,0,,,Y,,Y,,C,02,1,0,0,0,0,0,0,0,1,"- ","- ",38.03369,-120.36714000000001,TUOLUMNE,UNINCORPORATED,-120.36714000000001,38.03369
90418457,2017,2017-03-23,9425,2017-03-17,2050,019773,,5,2,9,5500,0,1,3,,2,031,"STATE ROUTE 108","TOBAN WAY",213.00,W,N,A,-,Y,,,108,,,,,,,N,2,0,1,1,A,-,08,22107,,N,E,I,A,A,H,-,D,D,0,,,,,Y,,A,01,1,0,0,0,0,0,0,0,0,"- ","- ",38.077680000000001,-120.16806,TUOLUMNE,UNINCORPORATED,-120.16804942,38.077630460000002
90424553,2017,2017-03-30,9425,2017-03-26,1539,017403,,7,2,9,5500,0,3,5,,1,004,"WARDS FERRY RD","BIG OAK RD",2640.00,N,N,B,-,N,,,,,,,,,,Y,2,0,1,2,A,-,06,21751,,N,A,C,A,A,H,-,A,D,0,,,Y,,Y,,C,02,1,0,0,0,0,0,0,0,1,"- ","- ",37.834519999999998,-120.25872,TUOLUMNE,UNINCORPORATED,-120.25907067999999,37.834556980000002
90425938,2017,2017-04-03,9425,2017-03-29,2155,016812,,3,2,9,5500,0,1,3,,2,013,SR-49,"BELL MOONEY RD",6.00,S,N,B,-,Y,,,49,,,,,,,Y,2,0,2,2,A,-,01,23152,A,F,C,C,A,A,H,-,D,A,0,,,,,Y,Y,D,22,1,0,1,0,0,0,0,0,0,"- ","- ",37.940089999999998,-120.43437,TUOLUMNE,UNINCORPORATED,-120.43438498,37.940116140000001
90457051,2017,2017-05-16,9425,2017-04-25,1508,017403,,2,2,9,5500,0,1,3,,2,041,SR-120,SR-49,0.00,,Y,A,-,Y,,,,,,,,,,Y,2,0,2,2,A,-,09,21802,A,N,D,C,A,A,H,-,A,A,0,,,,,Y,,D,22,1,0,1,0,0,0,0,0,0,"- ","- ",,,TUOLUMNE,UNINCORPORATED,-120.43423993,37.87448998
90469895,2017,2017-06-02,9425,2017-05-19,1420,014853,,5,2,9,5500,0,3,5,,2,001,"BENNETT RD","VINE SPRING ROAD",6.00,N,N,A,-,N,,,,,,,,,,N,2,0,1,1,A,-,08,22107,,N,H,A,A,A,H,-,A,A,0,,,Y,,Y,,C,06,1,0,0,0,0,0,0,0,1,"- ","- ",38.025469999999999,-120.42650999999999,TUOLUMNE,UNINCORPORATED,-120.42644756,38.025435350000002
90476287,2017,2017-06-12,9425,2017-06-04,2013,018965,,7,2,9,5500,0,2,4,,2,034,"TUOLUMNE RD","MORRIS RD",459.00,E,N,A,-,N,,,,,,,,,,Y,2,0,1,1,A,-,01,23152,A,N,E,I,A,A,H,-,B,D,0,,,,,Y,Y,A,01,1,0,0,0,0,0,0,0,0,"- ","- ",37.96143,-120.29393,TUOLUMNE,UNINCORPORATED,-120.29380861999999,37.961383910000002
90480912,2017,2017-06-19,9425,2017-06-17,1155,017058,,6,1,9,5500,0,1,3,,2,031,"STATE ROUTE 108","CLARKS FORK ROAD",2640.00,E,N,A,-,Y,,,,,,,,,,Y,2,0,1,1,A,-,08,22107,,N,F,A,A,A,H,-,A,D,0,,,Y,,Y,,C,02,1,0,0,0,0,0,0,0,1,"- ","- ",,,TUOLUMNE,UNINCORPORATED,-119.86975737,38.357448269999999
90492592,2017,2017-07-03,9425,2017-07-01,0935,016886,,6,1,9,5500,0,1,3,,2,042,SR-120,"GOLDEN ARROW ROAD",4488.00,W,N,A,-,Y,,,120,,,,,,,Y,2,0,3,1,A,-,08,22107,,N,E,I,A,A,H,-,A,D,0,,,,,Y,,A,01,1,1,1,0,0,0,0,0,0,"- ","- ",37.820979999999999,-119.91433000000001,TUOLUMNE,UNINCORPORATED,-119.91426592000001,37.820988040000003
90498031,2017,2017-07-11,9425,2017-07-02,1600,019287,,7,2,9,5500,0,3,5,,2,003,"UNKNOWN DIRT TRAIL",UNKNOWN,0.00,,Y,A,-,N,,,,,,,,,,N,2,0,2,1,B,-,22,,,N,F,A,A,A,H,-,A,D,0,,,Y,,Y,,C,02,2,0,0,0,0,0,0,0,2,"- ","- ",,,TUOLUMNE,UNINCORPORATED,,
90520956,2017,2017-08-10,9425,2017-08-04,1455,017461,,5,2,9,5500,0,1,3,,1,054,"ZARZAMORA ST",SR-132,57.00,S,N,A,-,N,,,,,,,,,,Y,2,0,1,1,A,-,01,23152,A,N,E,I,A,A,H,-,A,D,0,,,,,Y,Y,A,01,1,0,0,0,0,0,0,0,0,"- ","- ",37.678400000000003,-120.3342,TUOLUMNE,UNINCORPORATED,-120.33425749,37.678537489999997
90520993,2017,2017-08-10,9425,2017-08-06,1900,017403,,7,2,9,5500,0,3,5,,1,004,"MERRELL RD","SECOND GARROTTE RD",528.00,N,N,A,-,N,,,,,,,,,,Y,2,0,1,1,A,-,08,22107,,N,F,A,A,A,H,-,A,D,0,,,Y,,Y,,C,02,1,0,0,0,0,0,0,0,1,"- ","- ",,,TUOLUMNE,UNINCORPORATED,-120.22667438000001,37.820555859999999
9052828,2019,2020-02-27,5501,2019-10-20,1011,JB2,5501,7,5,2,5501,0,0,0,,0,002,"SANGUINETTI RD","GREENLEY RD",0.00,,Y,A,-,N,,,,,,,,,,N,2,0,1,2,A,-,11,21950,B,N,H,G,A,A,H,-,A,A,0,,Y,,,Y,,L,04,1,0,0,0,0,0,1,0,0,"- ","- ",37.981540679931641,-120.36849212646484,TUOLUMNE,SONORA,-120.36849212646484,37.973869323730469
90551061,2017,2017-10-02,9425,2017-05-29,1730,017461,,1,2,9,5500,0,3,5,,1,004,"OLD PRIEST GRADE",SR-120,1056.00,E,N,A,-,N,,,,,,,,,,Y,1,1,2,2,A,-,17,21662,,N,E,I,A,A,H,-,A,D,0,,,,,Y,,D,22,1,1,0,0,0,0,0,0,0,"- ","- ",37.809399999999997,-120.2814,TUOLUMNE,UNINCORPORATED,-120.29616772999999,37.816147739999998
90569933,2017,2017-10-13,9425,2017-10-08,1125,018965,,7,1,9,5500,0,1,3,,2,031,SR-108,"KOINONIA CT",528.00,W,N,A,-,Y,,,108,,,,,,,Y,2,0,1,1,A,-,08,22107,,N,F,A,A,A,H,-,A,D,0,,,Y,,Y,,C,02,1,0,0,0,0,0,0,0,1,"- ","- ",38.065930000000002,-120.18145,TUOLUMNE,UNINCORPORATED,-120.18153009,38.065963230000001
90570329,2017,2017-10-13,9425,2017-10-10,1613,018965,,2,2,9,5500,0,1,3,,2,022,SR-49,"JACKASS HILL RD",215.00,S,N,A,-,Y,,,49,,,,,,,Y,2,0,1,1,A,-,08,22107,,N,F,A,A,A,H,-,A,D,0,,,Y,,Y,,C,02,1,0,0,0,0,0,0,0,1,"- ","- ",37.989420000000003,-120.47292,TUOLUMNE,UNINCORPORATED,-120.47290981,37.989430290000001
90578657,2017,2017-10-25,9425,2017-10-19,0920,015963,,4,1,9,5500,0,1,3,,2,013,SR-49,"CHABROULLIAN RD",0.00,,Y,A,-,Y,,,49,,,,,,,Y,2,0,3,2,A,-,09,21801,A,N,A,C,A,A,D,-,A,A,0,,,,,Y,,A,01,1,0,2,0,0,0,0,0,0,"- ","- ",37.962699999999998,-120.40533000000001,TUOLUMNE,UNINCORPORATED,-120.40533028,37.96270458
90578687,2017,2017-10-25,9425,2017-10-01,1735,019287,,7,2,9,5500,0,3,5,,1,005,"BONDS FLAT RD","RILEY RIDGE RD",4635.00,W,N,A,-,N,,,,,,,,,,N,2,0,1,1,A,-,01,23152,A,N,F,A,A,A,H,-,A,D,0,,,Y,,Y,Y,C,02,1,0,0,0,0,0,0,0,1,"- ","- ",37.698549999999997,-120.43232,TUOLUMNE,UNINCORPORATED,-120.43228028,37.698556480000001
90588637,2017,2017-11-07,9425,2017-10-22,1610,014853,,7,2,9,5500,0,1,3,,2,013,"SR-49 N/B","CHABROULLIAN RD",89.00,S,N,A,-,Y,,,49,,,,,,N,Y,2,0,3,2,A,-,04,21703,,N,C,C,A,A,D,-,A,D,0,,,,Y,Y,,A,01,2,1,0,0,0,0,0,0,0,"- ","- ",37.962679999999999,-120.4057,TUOLUMNE,UNINCORPORATED,-120.40569972999999,37.962676469999998
90601157,2017,2018-02-27,9425,2017-10-13,0640,014725,,5,1,9,5500,0,1,3,,2,011,"STATE ROUTE 120, WESTBOUND","TULLOCH ROAD",4752.00,E,N,A,-,Y,,,120,,,,,,W,Y,1,1,0,1,A,-,08,22107,,N,E,I,A,A,H,-,B,D,0,,,,,Y,,A,01,0,0,0,0,0,0,0,0,0,"- ","- ",37.846260000000001,-120.61221999999999,TUOLUMNE,UNINCORPORATED,-120.61227710999999,37.846432569999997
90630561,2017,2018-01-02,9425,2017-09-30,1931,019287,,6,2,9,5500,0,3,5,,2,003,"TUOLUMNE RD  N","MOORE DR",511.00,S,N,A,-,N,,,,,,,,,,Y,2,0,1,2,A,-,08,22107,,F,B,C,A,A,H,-,D,D,0,,,,,Y,,-,99,1,0,0,0,0,0,0,0,0,"- ","- ",38.016950000000001,-120.22815,TUOLUMNE,UNINCORPORATED,-120.22793949,38.017285399999999
90634774,2017,2018-01-08,9425,2017-12-30,1420,014936,,6,2,9,5500,0,3,5,,2,003,"STANISLAUS NATIONAL FOREST",49N0,300.00,W,N,A,-,N,,,,,,,,,,N,2,0,1,1,B,-,22,,,N,F,A,A,A,G,-,A,D,0,,,Y,,Y,,C,02,1,0,0,0,0,0,0,0,1,"- ","- ",38.080979999999997,-120.07424,TUOLUMNE,UNINCORPORATED,,
90643255,2018,2018-01-19,9425,2018-01-13,0030,018559,,6,3,2,5501,0,3,5,,2,003,"WOODHAM CARNE RD","YOSEMITE RD",0.00,,Y,E,-,N,,,,,,,,,,N,2,0,1,1,A,-,08,22107,,N,E,I,A,B,H,-,D,D,0,,,,,Y,,D,22,1,0,0,0,0,0,0,0,0,"- ","- ",37.945339202880859,-120.27449035644531,TUOLUMNE,SONORA,-120.27461242675781,37.945529937744141
90654914,2018,2018-02-05,9425,2018-01-27,1745,018965,,6,2,9,5500,0,2,4,,2,023,"PHOENIX LAKE RD","MEADOW BROOK DR",1584.00,E,N,A,-,N,,,,,,,,,,Y,2,0,2,2,C,-,18,,,N,H,H,A,A,H,-,D,D,0,,,,,Y,,-,"- ",1,1,0,0,0,0,0,0,0,"- ","- ",37.99346923828125,-120.32774353027344,TUOLUMNE,UNINCORPORATED,-120.32778930664062,37.993446350097656
90659484,2017,2018-02-12,9425,2017-12-14,1728,018965,,4,2,9,5500,0,1,3,,2,011,SR-120,"O'BYRNES FERRY RD.",576.00,E,N,A,-,Y,,,120,,,,,,,Y,1,1,0,2,A,-,09,21801,A,F,D,C,A,A,H,-,D,D,0,,,Y,,Y,,D,22,0,0,0,0,0,0,0,1,0,"- ","- ",37.886710000000001,-120.49756000000001,TUOLUMNE,UNINCORPORATED,-120.49755845999999,37.886708040000002
90706366,2018,2018-04-16,9425,2018-03-13,1100,014737,,2,1,9,5500,0,1,3,,2,011,"STATE ROUTE 120 (EASTBOUND)","TULLOCH DAM ROAD",14045.00,E,N,B,C,Y,,,120,,,,,,,Y,1,1,0,1,A,-,08,22107,,N,E,I,A,B,H,-,A,D,0,,,,,Y,Y,A,07,0,0,0,0,0,0,0,0,0,"- ","- ",37.848541259765625,-120.58110809326172,TUOLUMNE,UNINCORPORATED,-120.58113861083984,37.848476409912109
90732594,2018,2018-05-23,9425,2018-05-19,1050,019287,,6,1,9,5500,0,1,3,,2,041,SR-120,"GRIZZLY RD",6864.00,E,N,A,-,Y,,,120,,,,,,,Y,2,0,1,1,A,-,08,22107,,N,F,A,A,A,H,-,A,D,0,,,Y,,Y,,C,02,1,0,0,0,0,0,0,0,1,"- ","- ",37.819900512695312,-120.29139709472656,TUOLUMNE,UNINCORPORATED,-120.29139709472656,37.819896697998047
90733454,2018,2018-05-24,9425,2018-05-17,1715,014936,,4,2,9,5500,0,2,4,,2,034,"TUOLUMNE ROAD","PINE STREET",287.00,W,N,B,-,N,,,,,,,,,,N,2,0,1,2,A,-,09,21804,A,N,D,G,A,A,H,-,A,D,0,,Y,,,Y,,L,04,1,0,0,0,0,0,1,0,0,"- ","- ",37.964881896972656,-120.23848724365234,TUOLUMNE,UNINCORPORATED,-120.2384033203125,37.964752197265625
90746722,2018,2018-06-12,9425,2018-05-31,1600,014853,,4,2,9,5500,0,3,5,,2,001,"CHICKEN RANCH ROAD","NELSON DR",398.00,W,N,A,-,N,,,,,,,,,,Y,2,0,1,2,A,-,06,21751,,N,B,C,A,A,H,-,A,D,0,,,Y,,Y,,A,01,1,0,0,0,0,0,0,0,1,"- ","- ",37.934291839599609,-120.44696807861328,TUOLUMNE,UNINCORPORATED,-120.44698333740234,37.93426513671875
90751270,2018,2018-06-19,9425,2018-06-15,1559,018965,,5,2,9,5500,0,1,3,,2,022,SR-49,"REYNOLDS FERRY RD",2112.00,N,N,A,-,Y,,,49,,,,,,,Y,2,0,2,1,C,-,18,,,N,E,I,A,A,H,-,A,D,0,,,,,Y,,-,"- ",2,0,0,0,0,0,0,0,0,"- ","- ",37.995510101318359,-120.48255157470703,TUOLUMNE,UNINCORPORATED,-120.48265075683594,37.995399475097656
90776505,2018,2018-07-25,9425,2018-07-17,1255,017403,,2,1,9,5500,0,1,3,,2,041,SR-120,"PRIEST COULTERVILLE RD",1056.00,E,N,A,-,Y,,,120,,,,,,,Y,2,0,3,2,A,-,05,21460,A,N,A,C,A,A,H,-,A,D,0,,,Y,,Y,,C,02,2,1,0,0,0,0,0,0,2,"- ","- ",37.816898345947266,-120.26840972900391,TUOLUMNE,UNINCORPORATED,-120.26845550537109,37.816978454589844
90784919,2018,2018-08-06,9425,2018-07-26,1537,013905,,4,2,9,5500,0,1,3,,2,031,"STATE ROUTE 108","PINE ACRES DRIVE",505.00,E,N,A,-,Y,,,108,,,,,,,Y,2,0,3,2,A,-,05,21460,A,N,A,C,A,A,H,-,A,A,0,,,,,Y,,A,01,1,1,1,0,0,0,0,0,0,"- ","- ",38.043758392333984,-120.21311950683594,TUOLUMNE,UNINCORPORATED,-120.21311187744141,38.043743133544922
90796605,2018,2018-08-23,9425,2018-08-15,0816,016886,,3,1,9,5500,0,3,5,,1,004,"MATHER ROAD","CHERRY LAKE ROAD",15312.00,E,N,A,-,N,,,,,,,,,,Y,2,0,1,2,A,-,05,21752,A,N,B,C,A,A,H,-,A,D,0,,,,,Y,,A,07,1,0,0,0,0,0,0,0,0,"- ","- ",37.869319915771484,-119.93205261230469,TUOLUMNE,UNINCORPORATED,-119.93267822265625,37.869022369384766
90797790,2018,2018-08-27,9425,2018-08-20,1045,017403,,1,1,9,5500,0,3,5,,1,004,"MERCED FALLS RD","AVENIDA CENTRAL",92.00,S,N,A,-,N,,,,,,,,,,Y,2,0,1,1,A,-,08,22107,,N,F,A,A,A,H,-,A,D,0,,,,,Y,,D,22,1,0,0,0,0,0,0,0,0,"- ","- ",37.655471801757812,-120.31140899658203,TUOLUMNE,UNINCORPORATED,-120.31167602539062,37.655796051025391
90799878,2018,2018-08-28,9425,2018-08-24,1616,016886,,5,2,9,5500,0,1,3,,2,041,SR-120,"PRIEST COULTERVILLE ROAD",5280.00,W,N,A,-,Y,,,120,,,,,,,Y,2,0,3,1,A,-,08,22107,,N,E,I,A,A,H,-,A,D,0,,,,,Y,,A,01,2,1,0,0,0,0,0,0,0,"- ","- ",37.823879241943359,-120.27734375,TUOLUMNE,UNINCORPORATED,-120.27735137939453,37.823810577392578
90801814,2018,2018-08-30,9425,2018-08-08,1305,014737,,3,1,9,5500,0,1,3,,2,013,"STATE ROUTE 49","SIMS ROAD",4224.00,N,N,A,-,Y,,,49,,,,,,,Y,2,0,5,1,A,-,03,22350,,N,E,I,A,A,H,-,A,A,0,,,,,Y,,A,01,1,4,0,0,0,0,0,0,0,"- ","- ",37.900798797607422,-120.45442962646484,TUOLUMNE,UNINCORPORATED,-120.45436096191406,37.900798797607422
90807454,2018,2018-09-06,9425,2018-08-29,1800,014853,,3,2,9,5500,0,1,3,,2,011,SR-120,"JAMES E ROBERTS BRIDGE",30.00,E,N,A,-,Y,,,120,,,,,,,Y,2,0,4,2,A,-,05,21650,,N,A,C,A,A,H,-,A,D,0,,,,,Y,,A,08,3,1,0,0,0,0,0,0,0,"- ","- ",37.840999603271484,-120.38002014160156,TUOLUMNE,UNINCORPORATED,-120.38005828857422,37.840972900390625
90817998,2018,2018-09-20,9425,2018-09-14,2000,016812,,5,2,9,5500,0,2,4,,2,034,"TUOLUMNE RD","MORRIS RD",1056.00,W,N,A,-,N,,,,,,,,,,Y,2,0,6,3,A,-,03,22350,,N,C,C,A,A,H,-,D,D,0,,,,,Y,,D,22,1,3,2,0,0,0,0,0,0,"- ","- ",37.959030151367188,-120.29692077636719,TUOLUMNE,UNINCORPORATED,-120.29768371582031,37.958675384521484
90822795,2018,2018-09-27,9425,2018-09-23,0040,019773,,7,3,9,5500,0,3,5,,2,002,"EL PUMA CIR","EL OSO WAY",50.00,E,N,A,-,N,,,,,,,,,,Y,2,0,1,1,A,-,01,23152,A,N,E,I,A,A,H,-,D,D,0,,,,,Y,Y,D,22,1,0,0,0,0,0,0,0,0,"- ","- ",38.015739440917969,-120.30483245849609,TUOLUMNE,UNINCORPORATED,-120.30711364746094,38.017261505126953
90825901,2018,2018-10-01,9425,2018-09-23,1330,018822,,7,1,9,5500,0,1,3,,2,013,SR-49,"MAIN ST",0.00,,Y,A,-,Y,,,49,,,,,,,Y,2,0,1,2,A,-,09,21801,A,N,F,A,A,A,H,-,A,D,0,,,Y,,Y,,A,01,1,0,0,0,0,0,0,0,1,"- ","- ",37.956779479980469,-120.42178344726562,TUOLUMNE,UNINCORPORATED,-120.42166900634766,37.956569671630859
90828020,2018,2018-10-03,9425,2018-09-28,0005,016886,,5,3,9,5500,0,1,3,,2,042,SR-120,"CHERRY LAKE ROAD",2904.00,E,N,A,-,Y,,,120,,,,,,,Y,2,0,1,1,A,-,01,23152,A,N,E,I,A,A,H,-,D,D,0,,,,,Y,Y,A,01,1,0,0,0,0,0,0,0,0,"- ","- ",37.822910308837891,-120.00164031982422,TUOLUMNE,UNINCORPORATED,-120.00165557861328,37.822956085205078
90858331,2018,2018-11-12,9425,2018-10-31,2500,017461,,3,4,9,5500,0,3,5,,1,004,"FERRETTI ROAD","FOREST ROUTE 1N10",528.00,W,N,A,-,Y,,,,,,,,,,Y,2,0,1,1,A,-,01,23152,A,N,E,I,A,A,H,-,E,D,0,,,,,Y,Y,A,01,1,0,0,0,0,0,0,0,0,"- ","- ",37.829059600830078,-120.11988067626953,TUOLUMNE,UNINCORPORATED,,
90884236,2018,2018-12-17,9425,2018-12-08,1830,019287,,6,2,9,5500,0,1,3,,2,022,SR-49,"COLUMBIA WAY",45.00,N,N,A,-,Y,,,49,,,,,,,Y,2,0,1,1,A,-,01,23152,A,N,F,A,A,A,H,-,D,D,0,,,,,Y,Y,D,22,1,0,0,0,0,0,0,0,0,"- ","- ",38.011341094970703,-120.39196014404297,TUOLUMNE,UNINCORPORATED,-120.39198303222656,38.011318206787109
90885239,2018,2018-12-18,9425,2018-12-07,1010,016886,,5,1,9,5500,0,1,3,,2,042,SR-120,"PACKARD CANYON ROAD",195.00,W,N,A,-,Y,,,120,,,,,,,Y,2,0,1,1,A,-,01,23152,A,N,F,A,A,B,H,-,A,D,0,,,,Y,Y,Y,F,27,1,0,0,0,0,0,0,0,0,"- ","- ",37.821048736572266,-120.03061676025391,TUOLUMNE,UNINCORPORATED,-120.03061676025391,37.821010589599609
90909708,2019,2019-01-23,9425,2019-01-15,2220,019773,,2,3,9,5500,0,3,5,,2,003,"WOODHAM CARNE RD","VERGUS RD",56.00,N,N,C,-,N,,,,,,,,,,Y,2,0,1,1,A,-,01,23152,A,N,E,I,A,B,H,-,D,D,0,,,,,Y,Y,A,01,1,0,0,0,0,0,0,0,0,"- ","- ",37.948871612548828,-120.2789306640625,TUOLUMNE,UNINCORPORATED,-120.27886962890625,37.948738098144531
90914312,2018,2019-10-18,9425,2018-07-15,1612,018965,,7,2,9,5500,0,1,3,,2,011,SR-120,SR-108,0.00,,Y,A,-,Y,,,120,,,,,,,Y,1,2,4,2,A,-,09,21802,A,N,D,C,A,A,H,-,A,A,0,,,,,Y,,A,01,1,3,0,0,0,0,0,0,0,"- ","- ",37.891201019287109,-120.48834228515625,TUOLUMNE,UNINCORPORATED,-120.48834228515625,37.891216278076172
90918403,2019,2019-02-04,9425,2019-01-25,0250,018822,,5,3,9,5500,0,1,3,,2,022,SR-49,"POPPY HILLS DR",750.00,S,N,A,-,Y,,,49,,,,,,,Y,2,0,5,1,A,-,08,22107,,N,E,I,A,B,H,-,D,D,0,,,,,Y,,A,01,2,0,3,0,0,0,0,0,0,"- ","- ",37.993499755859375,-120.43595886230469,TUOLUMNE,UNINCORPORATED,-120.43596649169922,37.993515014648438
90927688,2018,2019-02-15,9425,2018-11-16,1042,016886,,5,1,9,5500,0,1,3,,2,041,SR-120,"SMITH STATION ROAD",528.00,E,N,A,-,Y,,,120,,,,,,,Y,1,1,1,2,A,-,05,21460,C,N,A,C,A,A,H,-,A,A,0,,,,,Y,,A,01,1,0,0,0,0,0,0,0,0,"- ","- ",37.8135986328125,-120.11843872070312,TUOLUMNE,UNINCORPORATED,-120.11843872070312,37.8135986328125
90933522,2019,2019-02-25,9425,2019-02-22,2130,017461,,5,2,9,5500,0,1,3,,2,041,SR-120,"ELDER LN",1056.00,E,N,A,-,Y,,,120,,,,,,,Y,2,0,2,1,A,-,01,23152,A,F,E,I,A,A,H,-,D,D,0,,,,,Y,Y,A,01,1,1,0,0,0,0,0,0,0,"- ","- ",37.838329315185547,-120.22168731689453,TUOLUMNE,UNINCORPORATED,-120.22176361083984,37.838268280029297
90933556,2019,2019-02-25,9425,2019-02-12,1700,018559,,2,2,9,5500,0,3,5,,2,001,"MOUNT BROW RD","LANCASTER CT",10.00,W,N,B,-,N,,,,,,,,,,Y,2,0,1,2,A,-,08,22107,,N,E,I,A,A,H,-,B,D,0,,,,,Y,Y,A,01,1,0,0,0,0,0,0,0,0,"- ","- ",38.007358551025391,-120.40885162353516,TUOLUMNE,UNINCORPORATED,-120.40882110595703,38.007297515869141
90954428,2019,2019-03-27,9425,2019-03-23,1725,018822,,6,2,9,5500,0,1,3,,2,031,SR-108,"LONG BARN RD",885.00,W,N,D,F,Y,,,108,,,,,,,Y,2,0,5,1,A,-,08,22107,,N,E,I,A,C,H,-,A,D,0,,,,,Y,,A,07,2,3,0,0,0,0,0,0,0,"- ","- ",38.089611053466797,-120.14424896240234,TUOLUMNE,UNINCORPORATED,-120.14424133300781,38.089622497558594
90988534,2019,2019-05-20,9425,2019-05-04,1134,018251,,6,1,9,5500,0,1,3,,2,011,"STATE ROUTE 120","GREEN SPRINGS RD",13200.00,W,N,A,-,Y,,,120,,,,,,,Y,2,0,1,1,A,-,08,22107,,N,F,A,A,A,H,-,A,D,0,,,Y,,Y,,C,02,1,0,0,0,0,0,0,0,1,"- ","- ",37.847038269042969,-120.56957244873047,TUOLUMNE,UNINCORPORATED,-120.56957244873047,37.847011566162109
90988610,2019,2019-05-14,9425,2019-05-05,1037,018251,,7,1,9,5500,0,1,3,,1,043,"STATE ROUTE 49","BLACKS CREEK RD",4752.00,N,N,A,-,Y,,,49,,,,,,,N,2,0,1,1,A,-,08,22107,,N,E,I,A,A,H,-,A,D,0,,,Y,,Y,,C,02,1,0,0,0,0,0,0,0,1,"- ","- ",37.758869171142578,-120.25202178955078,TUOLUMNE,UNINCORPORATED,-120.25196838378906,37.758888244628906
90992417,2019,2019-05-20,9425,2019-05-09,1515,017461,,4,2,9,5500,0,3,5,,1,004,"AVENIDA CENTRAL","MERCED FALLS RD",528.00,S,N,A,-,N,,,,,,,,,,Y,2,0,2,1,A,-,08,22107,,N,E,I,A,A,H,-,A,D,0,,,,,Y,,A,07,1,1,0,0,0,0,0,0,0,"- ","- ",37.655399322509766,-120.31349945068359,TUOLUMNE,UNINCORPORATED,-120.31345367431641,37.655437469482422
90997772,2019,2019-10-04,9425,2019-01-31,1815,019785,,4,2,9,5500,0,1,3,,2,011,"STATE ROUTE 120","SIMS RD",2640.00,W,N,A,-,Y,,,120,,,,,,,Y,1,1,1,2,A,-,05,21460,A,N,A,C,A,A,H,-,D,D,0,,,,,Y,,A,07,0,0,1,0,0,0,0,0,0,"- ","- ",37.879989624023438,-120.45687866210938,TUOLUMNE,UNINCORPORATED,-120.45684814453125,37.879936218261719