CASE_ID,ACCIDENT_YEAR,PROC_DATE,JURIS,COLLISION_DATE,COLLISION_TIME,OFFICER_ID,REPORTING_DISTRICT,DAY_OF_WEEK,CHP_SHIFT,POPULATION,CNTY_CITY_LOC,SPECIAL_COND,BEAT_TYPE,CHP_BEAT_TYPE,CITY_DIVISION_LAPD,CHP_BEAT_CLASS,BEAT_NUMBER,PRIMARY_RD,SECONDARY_RD,DISTANCE,DIRECTION,INTERSECTION,WEATHER_1,WEATHER_2,STATE_HWY_IND,CALTRANS_COUNTY,CALTRANS_DISTRICT,STATE_ROUTE,ROUTE_SUFFIX,POSTMILE_PREFIX,POSTMILE,LOCATION_TYPE,RAMP_INTERSECTION,SIDE_OF_HWY,TOW_AWAY,COLLISION_SEVERITY,NUMBER_KILLED,NUMBER_INJURED,PARTY_COUNT,PRIMARY_COLL_FACTOR,PCF_CODE_OF_VIOL,PCF_VIOL_CATEGORY,PCF_VIOLATION,PCF_VIOL_SUBSECTION,HIT_AND_RUN,TYPE_OF_COLLISION,MVIW,PED_ACTION,ROAD_SURFACE,ROAD_COND_1,ROAD_COND_2,LIGHTING,CONTROL_DEVICE,CHP_ROAD_TYPE,PEDESTRIAN_ACCIDENT,BICYCLE_ACCIDENT,MOTORCYCLE_ACCIDENT,TRUCK_ACCIDENT,NOT_PRIVATE_PROPERTY,ALCOHOL_INVOLVED,STWD_VEHTYPE_AT_FAULT,CHP_VEHTYPE_AT_FAULT,COUNT_SEVERE_INJ,COUNT_VISIBLE_INJ,COUNT_COMPLAINT_PAIN,COUNT_PED_KILLED,COUNT_PED_INJURED,COUNT_BICYCLIST_KILLED,COUNT_BICYCLIST_INJURED,COUNT_MC_KILLED,COUNT_MC_INJURED,PRIMARY_RAMP,SECONDARY_RAMP,LATITUDE,LONGITUDE,COUNTY,CITY,POINT_X,POINT_Y
91026032,2019,2019-07-08,9425,2019-06-28,2310,019773,,5,3,9,5500,0,2,4,,2,023,"PHOENIX LAKE RD","MEADOW BROOK DR",96.00,E,N,A,-,N,,,,,,,,,,Y,2,0,2,1,A,-,01,23152,A,N,E,I,A,A,H,-,D,D,0,,,,,Y,Y,A,07,2,0,0,0,0,0,0,0,0,"- ","- ",37.989711761474609,-120.33032989501953,TUOLUMNE,UNINCORPORATED,-120.33019256591797,37.9898681640625
91026199,2019,2019-07-08,9425,2019-07-02,1524,019287,,2,2,9,5500,0,1,3,,2,031,"STATE ROUTE 108","SUNSHINE RD",0.00,,Y,A,-,Y,,,108,,,,,,,Y,2,0,3,2,A,-,09,21802,A,N,D,C,A,A,H,-,A,D,0,,,,,Y,,A,07,1,1,1,0,0,0,0,0,0,"- ","- ",37.991611480712891,-120.27713775634766,TUOLUMNE,UNINCORPORATED,-120.27716064453125,37.991657257080078
91026266,2019,2019-07-08,9425,2019-07-03,1333,017058,,3,1,9,5500,0,1,3,,1,021,"SR-108 FROM PEACEFUL OAK ROAD","PEACEFUL OAK RD",700.00,W,N,A,-,Y,,,108,,,,R,,,Y,2,0,1,1,C,-,18,,,N,F,I,A,A,H,-,A,A,0,,,,,Y,,-,"- ",1,0,0,0,0,0,0,0,0,"- ","- ",37.981201171875,-120.32109832763672,TUOLUMNE,UNINCORPORATED,-120.32109832763672,37.981201171875
91026500,2019,2019-07-08,9425,2019-06-27,1749,018453,,4,2,9,5500,0,2,4,,2,023,"PHOENIX LAKE RD","OAKHAVEN LANE",440.00,E,N,A,-,N,,,,,,,,,,N,2,0,1,1,A,-,08,22107,,N,F,A,A,A,H,-,A,D,0,,Y,,,Y,,L,04,1,0,0,0,0,0,1,0,0,"- ","- ",38.030170440673828,-120.27480316162109,TUOLUMNE,UNINCORPORATED,-120.27475738525391,38.030200958251953
91050472,2019,2019-10-16,9425,2019-08-01,1235,014737,,4,1,9,5500,0,1,3,,2,013,"STATE ROUTE 49","RAWHIDE ROAD",0.00,,Y,A,-,Y,,,49,,,,,,,N,1,1,0,1,A,-,21,22106,,N,E,I,A,A,H,-,A,A,0,,,Y,,Y,,C,02,0,0,0,0,0,0,0,1,0,"- ","- ",37.955928802490234,-120.42263793945312,TUOLUMNE,UNINCORPORATED,-120.42269134521484,37.956008911132812
91051091,2019,2019-08-13,9425,2019-08-09,2120,018644,,5,2,9,5500,0,1,3,,2,011,SR-120,SR-108,615.00,W,N,A,-,Y,,,120,,,,,,,Y,2,0,1,1,A,-,01,23152,A,N,F,A,A,A,D,-,A,D,0,,,Y,,Y,Y,C,02,1,0,0,0,0,0,0,0,1,"- ","- ",37.890781402587891,-120.48956298828125,TUOLUMNE,UNINCORPORATED,-120.48956298828125,37.890781402587891
91053546,2019,2019-08-16,9425,2019-08-10,1050,017461,,6,1,9,5500,0,1,3,,2,041,SR-120,"OLD PRIEST GRD",1584.00,W,N,A,-,Y,,,120,,,,,,,N,2,0,1,1,A,-,08,22107,,N,F,A,A,A,H,-,A,D,0,,Y,,,Y,,L,04,1,0,0,0,0,0,1,0,0,"- ","- ",37.820411682128906,-120.27706909179688,TUOLUMNE,UNINCORPORATED,-120.27692413330078,37.820404052734375
91054755,2019,2019-08-19,9425,2019-08-18,1315,018251,,7,1,9,5500,0,1,3,,2,041,"NEW PRIEST GRADE RD","PRIEST COULTERVILLE RD",8976.00,W,N,A,-,Y,,,,,,,,,,N,2,0,1,1,A,-,08,22107,,N,E,I,A,A,H,-,A,D,0,,,,,Y,,A,01,1,0,0,0,0,0,0,0,0,"- ","- ",37.824199676513672,-120.28459930419922,TUOLUMNE,UNINCORPORATED,,
91054982,2019,2019-08-19,9425,2019-08-18,0830,018559,,7,1,9,5500,0,1,3,,2,032,SR-108,"CLARKS FORK RD",1056.00,E,N,A,-,Y,,,108,,,,,,,N,2,0,1,1,A,-,08,22107,,N,F,A,A,A,H,-,A,D,0,,,Y,,Y,,C,02,1,0,0,0,0,0,0,0,1,"- ","- ",38.356109619140625,-119.87447357177734,TUOLUMNE,UNINCORPORATED,-119.87446594238281,38.356101989746094
91064109,2019,2019-09-16,9425,2019-03-13,1825,014853,,3,2,9,5500,0,1,3,,2,011,SR-120,"O'BYRNES FERRY RD.",4752.00,W,N,A,-,Y,,,120,,,,,,,Y,1,1,0,2,A,-,08,22107,,N,B,C,A,A,H,-,A,D,0,,,Y,,Y,,A,07,0,0,0,0,0,0,0,1,0,"- ","- ",37.875770568847656,-120.50784301757812,TUOLUMNE,UNINCORPORATED,-120.50788879394531,37.875785827636719
91069025,2019,2019-09-06,9425,2019-08-21,2105,018822,,3,2,9,5500,0,3,5,,2,003,"SOUTH FORK RD","GOOD SHEPHERD DR",18.00,S,N,A,-,N,,,,,,,,,,Y,2,0,1,1,A,-,08,22107,,N,E,I,A,A,H,-,D,D,0,,,,,Y,,A,01,1,0,0,0,0,0,0,0,0,"- ","- ",38.026081085205078,-120.25263977050781,TUOLUMNE,UNINCORPORATED,-120.25262451171875,38.026130676269531
91070000,2019,2019-09-20,9425,2019-08-19,1720,015963,,1,2,9,5500,0,1,3,,2,031,SR-108,"EAST AVE",4224.00,W,N,A,-,Y,,,108,,,,,,,Y,2,0,4,2,A,-,08,22107,,N,D,C,A,A,H,-,A,D,0,,,,,Y,,D,22,1,3,0,0,0,0,0,0,0,"- ","- ",38.027450561523438,-120.23355865478516,TUOLUMNE,UNINCORPORATED,-120.23353576660156,38.027397155761719
91075325,2019,2019-09-16,9425,2019-05-16,2033,014936,,4,2,9,5500,0,1,3,,1,021,SR-108,"HESS AVE",1584.00,E,N,C,-,Y,,,108,,,,,,,Y,1,1,0,1,A,-,01,23152,G,N,F,A,A,B,H,-,D,D,0,,,,,Y,Y,D,22,0,0,0,0,0,0,0,0,0,"- ","- ",37.981269836425781,-120.32869720458984,TUOLUMNE,UNINCORPORATED,-120.32869720458984,37.981285095214844
91080379,2019,2019-09-23,9425,2019-09-15,1355,018559,,7,1,9,5500,0,2,4,,2,014,"LA GRANGE RD","RED HILLS RD",422.00,S,N,A,-,N,,,,,,,,,,N,2,0,1,2,A,-,06,21751,,F,F,A,A,A,H,-,A,D,0,,,Y,,Y,,A,07,1,0,0,0,0,0,0,0,1,"- ","- ",37.831638336181641,-120.47794342041016,TUOLUMNE,UNINCORPORATED,-120.47750854492188,37.831287384033203
91091587,2019,2019-10-07,9425,2019-09-26,0950,016540,,4,1,9,5500,0,2,4,,2,023,"PHOENIX LAKE RD","RIDGEWOOD DR",0.00,,Y,A,-,N,,,,,,,,,,Y,2,0,1,2,A,-,09,21801,A,N,D,C,A,A,H,-,A,A,0,,,Y,,Y,,A,01,1,0,0,0,0,0,0,0,1,"- ","- ",38.003250122070312,-120.31043243408203,TUOLUMNE,UNINCORPORATED,-120.31043243408203,38.003280639648438
91110270,2019,2019-10-30,9425,2019-10-26,1402,016886,,6,2,9,5500,0,1,3,,2,041,SR-120,"GRIZZLY ROAD",3432.00,E,N,A,-,Y,,,120,,,,,,,Y,2,0,3,2,A,-,06,21750,,N,B,C,A,A,H,-,A,D,0,,,,Y,Y,,D,22,1,2,0,0,0,0,0,0,0,"- ","- ",37.819648742675781,-120.29721069335938,TUOLUMNE,UNINCORPORATED,-120.29721069335938,37.819652557373047
91119560,2019,2019-11-13,9425,2019-11-08,1220,015963,,5,1,9,5500,0,3,5,,1,004,"MERRELL RD",SR-120,1584.00,S,N,A,-,N,,,,,,,,,,N,2,0,1,1,A,-,01,23152,A,N,E,I,A,A,H,-,D,D,0,,,,,Y,Y,A,01,1,0,0,0,0,0,0,0,0,"- ","- ",37.833709716796875,-120.23683929443359,TUOLUMNE,UNINCORPORATED,-120.23757934570312,37.833412170410156
91119673,2019,2019-11-13,9425,2019-09-06,2055,016886,,5,2,9,5500,0,1,3,,1,043,SR-49,"TUOLUMNE/MARIPOSA CO. LINE",3168.00,N,N,A,-,Y,,,49,,,,,,,N,1,1,0,1,A,-,08,22107,,N,F,A,A,A,H,-,D,D,0,,,Y,,Y,,C,02,0,0,0,0,0,0,0,1,0,"- ","- ",37.758411407470703,-120.25103759765625,TUOLUMNE,UNINCORPORATED,-120.25105285644531,37.758380889892578
91140413,2019,2019-12-10,9425,2019-11-19,1345,017822,,2,1,9,5500,0,3,5,,2,002,"UPPER QUAIL MINE RD","LOWER QUAIL MINE RD",100.00,S,N,A,-,N,,,,,,,,,,N,2,0,2,2,A,-,05,21650,,N,A,C,A,A,H,-,A,D,0,,,Y,,Y,,C,02,1,1,0,0,0,0,0,0,2,"- ","- ",38.031070709228516,-120.36589813232422,TUOLUMNE,UNINCORPORATED,-120.36591339111328,38.031040191650391
91141949,2019,2019-12-12,9425,2019-12-07,1954,014936,,6,2,9,5500,0,3,5,,2,003,"TUOLUMNE ROAD NORTH","CARTER STREET",0.00,,Y,C,-,N,,,,,,,,,,Y,2,0,1,2,A,-,01,23152,A,F,D,C,A,B,H,-,C,A,0,,,,,Y,Y,A,07,1,0,0,0,0,0,0,0,0,"- ","- ",37.971660614013672,-120.23686218261719,TUOLUMNE,UNINCORPORATED,-120.236786,37.971651000000001
91157945,2019,2020-01-02,9425,2019-12-21,2126,014936,,6,2,9,5500,0,3,5,,2,003,"TUOLUMNE ROAD NORTH","ROBINHOOD DRIVE",0.00,,Y,A,-,N,,,,,,,,,,Y,2,0,1,1,A,-,08,22107,,N,E,I,A,A,H,-,D,D,0,,,,,Y,Y,D,22,1,0,0,0,0,0,0,0,0,"- ","- ",38.027938842773438,-120.2244873046875,TUOLUMNE,UNINCORPORATED,-120.21929931640625,38.036209106445312
91168301,2019,2020-01-20,9425,2019-12-12,2500,016812,,4,4,9,5500,0,1,3,,2,041,SR-120,"ANDERSON ST",47.00,E,N,B,-,Y,,,120,,,,,,,Y,2,0,1,1,A,-,08,22107,,M,E,I,A,A,H,-,D,D,0,,,,,Y,Y,A,01,1,0,0,0,0,0,0,0,0,"- ","- ",37.822738647460938,-120.26106262207031,TUOLUMNE,UNINCORPORATED,-120.26105499267578,37.822704315185547
91200414,2020,2020-03-03,9425,2020-02-20,1220,016540,,4,1,9,5500,0,1,3,,2,031,"SR-108 W/B","SOULSBYVILLE RD",3696.00,E,N,A,-,Y,,,108,,,,,,W,Y,2,0,1,1,A,-,08,22107,,N,E,I,A,A,H,-,A,D,0,,,,,Y,,A,01,1,0,0,0,0,0,0,0,0,"- ","- ",38.004299163818359,-120.26007080078125,TUOLUMNE,UNINCORPORATED,-120.26012420654297,38.004299163818359
91207885,2020,2020-03-13,9425,2020-02-16,1935,017822,,7,2,9,5500,0,3,5,,2,003,"JOAQUIN GULLY RD","MIDDLE CAMP RD",1056.00,S,N,A,-,N,,,,,,,,,,Y,2,0,2,1,A,-,01,23152,A,N,E,I,A,A,H,-,D,D,0,,,,,Y,Y,A,01,2,0,0,0,0,0,0,0,0,"- ","- ",38.048931121826172,-120.23396301269531,TUOLUMNE,UNINCORPORATED,-120.23381805419922,38.047386169433594
91212058,2020,2020-03-19,9425,2020-03-08,2145,014936,,7,2,9,5500,0,1,3,,2,031,SR-108,"BALD MTN HELIPORT RD",2640.00,E,N,B,-,Y,,,108,,,,,,,Y,2,0,1,1,A,-,01,23152,A,N,F,A,A,A,H,-,D,D,0,,,,,Y,Y,D,22,1,0,0,0,0,0,0,0,0,"- ","- ",38.142219543457031,-120.08782196044922,TUOLUMNE,UNINCORPORATED,-120.08787536621094,38.142269134521484
91217924,2020,2020-03-27,9425,2020-03-26,0020,016812,,4,3,9,5500,0,3,5,,2,002,"STONE LN","HILLSDALE DR",537.00,E,N,B,-,N,,,,,,,,,,Y,2,0,3,2,A,-,01,23152,A,N,A,E,A,B,H,-,D,D,0,,,,,Y,Y,A,01,1,2,0,0,0,0,0,0,0,"- ","- ",37.973850250244141,-120.32553863525391,TUOLUMNE,UNINCORPORATED,-120.32548522949219,37.973834991455078
91233840,2020,2020-05-05,9425,2020-04-30,1955,018559,,4,2,9,5500,0,3,5,,2,001,"ROUGH AND READY TRL","PANORAMA PL  N",528.00,N,N,A,-,N,,,,,,,,,,Y,2,0,1,1,A,-,08,22107,,N,E,I,A,A,H,-,D,D,0,,,,,Y,,D,22,1,0,0,0,0,0,0,0,0,"- ","- ",37.982719421386719,-120.40650177001953,TUOLUMNE,UNINCORPORATED,-120.40744781494141,37.982357025146484
91237896,2020,2020-05-14,9425,2020-05-08,1540,018559,,5,2,9,5500,0,1,3,,2,011,SR-120,"WASHINGTON ST",528.00,E,N,A,-,Y,,,120,,,,,,,Y,2,0,1,1,A,-,01,23152,A,N,E,I,A,A,H,-,A,D,0,,,,,Y,Y,D,22,1,0,0,0,0,0,0,0,0,"- ","- ",37.869041442871094,-120.43154144287109,TUOLUMNE,UNINCORPORATED,-120.43148803710938,37.869056701660156
91240342,2020,2020-05-20,9425,2020-05-12,1808,017403,,2,2,9,5500,0,1,3,,1,044,SR-132,"BONDS FLAT RD",288.00,W,N,A,-,Y,,,132,,,,,,,Y,2,0,1,1,A,-,01,23152,A,N,E,I,A,A,H,-,A,D,0,,,,,Y,Y,A,01,1,0,0,0,0,0,0,0,0,"- ","- ",37.678558349609375,-120.36279296875,TUOLUMNE,UNINCORPORATED,-120.36274719238281,37.678501129150391
91264347,2020,2020-08-10,9425,2020-06-29,1540,018559,,1,2,9,5500,0,3,5,,2,001,"WIGWAM RD","JAMESTOWN RD",21.00,E,N,A,-,N,,,,,,,,,,Y,2,0,1,2,D,-,00,,,N,F,A,A,A,H,-,A,A,0,,,Y,,Y,,-,"- ",1,0,0,0,0,0,0,0,1,"- ","- ",37.962020874023438,-120.41770172119141,TUOLUMNE,UNINCORPORATED,-120.41771697998047,37.962001800537109
91269870,2020,2020-07-16,9425,2020-07-16,0545,014853,,4,3,9,5500,0,3,5,,2,001,"O'BYRNES FERRY ROAD","SHOTGUN CREEK RD",1584.00,N,N,A,-,Y,,,,,,,,,,Y,2,0,2,2,A,-,05,21460,C,N,A,C,A,A,H,-,B,D,0,,,,,Y,,A,07,1,1,0,0,0,0,0,0,0,"- ","- ",37.892570495605469,-120.55049896240234,TUOLUMNE,UNINCORPORATED,-120.5504150390625,37.892513275146484
91271979,2020,2020-07-21,9425,2020-07-13,2025,018453,,1,2,9,5500,0,3,5,,2,002,SR-49,"REYNOLDS FERRY RD",528.00,N,N,A,-,Y,,,49,,,,,,,Y,2,0,1,1,A,-,01,23152,A,N,E,I,A,A,H,-,D,D,0,,,,,Y,Y,A,07,1,0,0,0,0,0,0,0,0,"- ","- ",37.993911743164062,-120.48094940185547,TUOLUMNE,UNINCORPORATED,-120.48091888427734,37.993953704833984
91272686,2020,2020-07-22,9425,2020-07-17,1055,016886,,5,1,9,5500,0,3,5,,1,004,"MERRELL ROAD","2ND GARROTE RIDGE ROAD",1056.00,N,N,A,-,N,,,,,,,,,,Y,2,0,1,1,A,-,08,22107,,N,E,I,A,A,H,-,A,D,0,,,,,Y,,A,01,1,0,0,0,0,0,0,0,0,"- ","- ",37.822021484375,-120.22707366943359,TUOLUMNE,UNINCORPORATED,-120.22701263427734,37.821952819824219
91283748,2020,2020-08-11,9425,2020-07-30,1605,014936,,4,2,9,5500,0,3,5,,2,003,"FOREST ROUTE 3N01","FOREST ROUTE 3N39Y",3696.00,N,N,A,-,N,,,,,,,,,,Y,2,0,4,2,A,-,05,21460,A,N,A,C,A,A,H,-,A,D,0,,,,,Y,,A,01,3,1,0,0,0,0,0,0,0,"- ","- ",38.074508666992188,-120.11235046386719,TUOLUMNE,UNINCORPORATED,,
91303791,2020,2020-09-14,9425,2020-09-03,1610,018559,,4,2,9,5500,0,3,5,,2,001,"CHICKEN RANCH RD","TABLE MOUNTAIN RD",170.00,W,N,A,-,N,,,,,,,,,,Y,2,0,2,2,A,-,08,22107,,N,A,C,A,A,H,-,A,D,0,,,,,Y,,A,01,1,0,1,0,0,0,0,0,0,"- ","- ",37.931781768798828,-120.45146179199219,TUOLUMNE,UNINCORPORATED,-120.45136260986328,37.931758880615234
91304963,2020,2020-09-15,9425,2020-06-16,2500,016540,,2,4,9,5500,0,1,3,,2,032,SR-108,"MONO COUNTY LINE",15312.00,W,N,A,-,Y,,,108,,,,,,,Y,1,2,0,1,A,-,08,22107,,N,E,J,A,A,H,-,D,D,0,,,,Y,Y,,F,26,0,0,0,0,0,0,0,0,0,"- ","- ",38.316898345947266,-119.66690826416016,TUOLUMNE,UNINCORPORATED,-119.66691589355469,38.316875457763672
91314190,2020,2020-09-29,9425,2020-09-18,0330,018822,,5,3,9,5500,0,2,4,,2,034,"TUOLUMNE RD","BLACK OAK RD",686.00,E,N,A,-,N,,,,,,,,,,Y,2,0,1,1,A,-,01,23152,A,N,E,I,A,A,H,-,D,D,0,,,,,Y,Y,A,08,1,0,0,0,0,0,0,0,0,"- ","- ",37.963951110839844,-120.28224182128906,TUOLUMNE,UNINCORPORATED,-120.28232574462891,37.96380615234375
91315879,2020,2021-10-15,9425,2020-09-21,1115,18965,,1,1,9,5500,0,3,5,,2,003,"USFS ROAD 5N20","USFS ROAD 5N07",10560.00,E,N,A,-,N,,,,,,,,,,Y,2,0,2,2,A,-,05,21650,,N,A,C,A,A,H,-,A,D,0,,,Y,,Y,,D,22,1,1,0,0,0,0,0,0,2,"- ","- ",38.224540710449219,-120.24198913574219,TUOLUMNE,UNINCORPORATED,,
91315923,2020,2020-10-01,9425,2020-09-25,1635,019287,,5,2,9,5500,0,2,4,,2,025,"PARROTTS FERRY RD","VALPARAISO ST",0.00,,Y,A,-,N,,,,,,,,,,Y,2,0,2,2,A,-,09,21801,A,N,A,C,A,A,H,-,B,D,0,,,Y,,Y,,D,22,1,1,0,0,0,0,0,0,1,"- ","- ",38.046241760253906,-120.41033935546875,TUOLUMNE,UNINCORPORATED,-120.41029357910156,38.046218872070312
91326310,2020,2020-10-19,9425,2020-10-02,2025,019287,,5,2,9,5500,0,3,5,,2,003,"TWAIN HARTE DR","JOAQUIN GULLY RD",0.00,,Y,A,-,N,,,,,,,,,,Y,2,0,1,3,A,-,09,21801,A,N,D,C,A,A,H,-,C,D,0,,,Y,,Y,Y,D,22,1,0,0,0,0,0,0,0,1,"- ","- ",38.038101196289062,-120.22972106933594,TUOLUMNE,UNINCORPORATED,-120.22994232177734,38.037990570068359
91332252,2020,2020-12-07,9425,2020-10-18,1614,018251,,7,2,9,5500,0,3,5,,2,002,"STATE ROUTE 108","BERGEL RD",150.00,W,N,A,-,Y,,,108,,,,,,,Y,2,0,1,1,A,-,01,23152,A,N,H,A,A,A,H,-,A,D,0,,,Y,,Y,Y,C,02,1,0,0,0,0,0,0,0,1,"- ","- ",37.978099822998047,-120.34750366210938,TUOLUMNE,UNINCORPORATED,-120.34749603271484,37.978073120117188
91333197,2020,2020-10-28,9425,2020-10-21,2310,018453,,3,3,9,5500,0,2,4,,2,026,"MONO WAY","SR-108 E/B FROM MONO WAY",74.00,W,N,A,-,N,,,,,,,,,,Y,2,0,1,1,A,-,01,23152,A,N,E,I,A,A,H,-,C,A,0,,,Y,,Y,Y,C,02,1,0,0,0,0,0,0,0,1,"- ","- ",37.976360321044922,-120.35693359375,TUOLUMNE,UNINCORPORATED,,
91334075,2020,2020-10-29,9425,2020-10-23,2349,018644,,5,3,9,5500,0,1,3,,1,021,SR-108,"OLD WARDS FERRY RD",500.00,E,N,A,-,Y,,,108,,,,,,,Y,2,0,1,1,A,-,01,23152,A,N,F,A,A,A,H,-,D,D,0,,,,,Y,Y,A,01,1,0,0,0,0,0,0,0,0,"- ","- ",37.970981597900391,-120.36521911621094,TUOLUMNE,UNINCORPORATED,-120.36521148681641,37.970939636230469
91336425,2020,2020-11-02,9425,2020-10-20,1415,019287,,2,2,9,5500,0,2,4,,2,025,"PARROTTS FERRY RD","MARBLE QUARRY RD",0.00,,Y,A,-,N,,,,,,,,,,Y,2,0,2,2,A,-,03,22350,,N,C,C,A,A,H,-,A,D,0,,,,,Y,,E,22,1,0,1,0,0,0,0,0,0,"- ","- ",38.050910949707031,-120.41397094726562,TUOLUMNE,UNINCORPORATED,-120.4139404296875,38.050899505615234
91338193,2020,2020-11-03,9425,2020-10-28,1738,015963,,3,2,9,5500,0,1,3,,2,013,SR-49,"FIFTH AVENUE",235.00,S,N,A,-,Y,,,49,,,,,,,Y,2,0,1,2,A,-,03,22350,,N,C,C,A,A,H,-,A,A,0,,,Y,,Y,,C,02,1,0,0,0,0,0,0,0,1,"- ","- ",37.958179473876953,-120.41860198974609,TUOLUMNE,UNINCORPORATED,-120.41858673095703,37.958160400390625
91381035,2020,2021-01-05,9425,2020-10-26,1815,019773,,1,2,9,5500,0,2,4,,2,023,"PHOENIX LAKE RD","MCKAMEY CT",791.00,E,N,A,-,N,,,,,,,,,,Y,1,1,5,2,A,-,01,23152,A,N,A,C,A,A,H,-,B,D,0,,,,,Y,Y,D,22,5,0,0,0,0,0,0,0,0,"- ","- ",38.005989074707031,-120.30683898925781,TUOLUMNE,UNINCORPORATED,-120.30657196044922,38.006172180175781
91410321,2020,2021-02-17,9425,2020-09-05,1150,017058,,6,1,9,5500,0,1,3,,2,011,"STATE ROUTE 120 EASTBOUND","GREEN SPRINGS RD",12672.00,W,N,A,-,Y,,,120,,,,,,E,Y,1,1,0,2,A,-,09,21804,A,N,D,C,A,A,H,-,A,D,0,,,Y,Y,Y,,C,02,0,0,0,0,0,0,0,1,0,"- ","- ",37.846698760986328,-120.56800079345703,TUOLUMNE,UNINCORPORATED,-120.56798553466797,37.846828460693359
91418095,2021,2021-04-01,9425,2021-02-20,1427,019657,,6,2,9,5500,0,3,5,,2,003,"SUNSHINE RD","MOONLIGHT HILL RD",317.00,W,N,A,-,N,,,,,,,,,,N,2,0,1,2,A,-,09,21804,A,N,D,C,A,A,H,-,A,D,0,,,Y,,Y,,E,22,1,0,0,0,0,0,0,0,1,"- ","- ",37.995960235595703,-120.27191925048828,TUOLUMNE,UNINCORPORATED,-120.27292633056641,37.995136260986328
91422901,2021,2021-03-08,9425,2021-03-07,0100,016921,,7,3,9,5500,0,1,3,,2,031,SR-108,"COFFILL ROAD",246.00,E,N,A,-,Y,,,108,,,,,,,Y,2,0,1,1,A,-,08,22107,,N,E,I,A,A,H,-,D,D,0,,,,,Y,,A,01,1,0,0,0,0,0,0,0,0,"- ","- ",38.047218322753906,-120.20394897460938,TUOLUMNE,UNINCORPORATED,-120.20397186279297,38.047233581542969
91425184,2021,2021-03-11,9425,2021-02-28,1535,016812,,7,2,9,5500,0,2,4,,2,025,"PARROTTS FERRY RD","PORCINA WAY",2640.00,N,N,A,-,N,,,,,,,,,,Y,2,0,1,1,A,-,01,23152,A,N,E,I,A,A,H,-,A,D,0,,,,,Y,Y,A,01,1,0,0,0,0,0,0,0,0,"- ","- ",38.049819946289062,-120.42295074462891,TUOLUMNE,UNINCORPORATED,-120.41636657714844,38.052158355712891
91428479,2020,2021-03-16,9425,2020-07-31,1038,014853,,5,1,9,5500,0,1,3,,2,011,"SR-120 EASTBOUND","RUSHING HILL LOOKOUT RD",7920.00,W,N,A,-,Y,,,120,,,,,,E,Y,1,1,0,2,A,-,03,22350,,N,B,C,A,A,H,-,A,D,0,,,,Y,Y,,A,07,0,0,0,0,0,0,0,0,0,"- ","- ",37.849601745605469,-120.58757781982422,TUOLUMNE,UNINCORPORATED,-120.58758544921875,37.849590301513672
91442209,2021,2021-04-02,9425,2021-03-27,1855,019657,,6,2,9,5500,0,2,4,,2,025,"PARROTTS FERRY RD","PORCINA WAY",8976.00,W,N,A,-,N,,,,,,,,,,N,2,0,1,1,A,-,01,23152,A,N,E,I,A,A,H,-,B,D,0,,,Y,,Y,Y,C,02,1,0,0,0,0,0,0,0,1,"- ","- ",38.050640106201172,-120.43901062011719,TUOLUMNE,UNINCORPORATED,-120.43856811523438,38.050861358642578
91444277,2021,2021-04-06,9425,2021-04-03,0559,016921,,6,3,9,5500,0,1,3,,2,011,SR-120,"LA GRANGE ROAD",2112.00,W,N,A,-,Y,,,120,,,,,,,Y,2,0,2,1,A,-,08,22107,,N,F,A,A,A,H,-,D,D,0,,,,,Y,,A,07,2,0,0,0,0,0,0,0,0,"- ","- ",37.841091156005859,-120.51573944091797,TUOLUMNE,UNINCORPORATED,-120.51573181152344,37.841011047363281
91450095,2021,2021-04-14,9425,2021-04-02,1430,017822,,5,2,9,5500,0,3,5,,2,003,"FOREST ROUTE 2N10","COTTONWOOD ROAD",500.00,W,N,A,-,N,,,,,,,,,,N,2,0,1,1,A,-,08,22107,,N,E,A,A,A,H,-,A,D,0,,,Y,,Y,,C,06,1,0,0,0,0,0,0,0,1,"- ","- ",37.984958648681641,-120.15052032470703,TUOLUMNE,UNINCORPORATED,-120.151123046875,37.986469268798828
91450245,2021,2021-04-14,9425,2021-04-04,2340,015963,,7,3,9,5500,0,1,3,,2,031,SR-108,"VIA ESTE ROAD",1056.00,W,N,A,-,Y,,,108,,,,,,,Y,2,0,1,1,A,-,01,23152,A,N,E,I,A,A,H,-,D,A,0,,,,,Y,Y,D,22,1,0,0,0,0,0,0,0,0,"- ","- ",37.981979370117188,-120.29482269287109,TUOLUMNE,UNINCORPORATED,-120.29482269287109,37.981983184814453
91454966,2021,2021-04-21,9425,2021-04-10,1500,019287,,6,2,9,5500,0,3,5,,2,001,"JAMESTOWN RD","GOLF LINKS RD",105.00,N,N,A,-,N,,,,,,,,,,N,2,0,1,1,A,-,08,22107,,N,F,A,A,A,H,-,A,D,0,,,Y,,Y,,C,02,1,0,0,0,0,0,0,0,1,"- ","- ",37.967288970947266,-120.41587829589844,TUOLUMNE,UNINCORPORATED,-120.41590881347656,37.967464447021484