CASE_ID,ACCIDENT_YEAR,PROC_DATE,JURIS,COLLISION_DATE,COLLISION_TIME,OFFICER_ID,REPORTING_DISTRICT,DAY_OF_WEEK,CHP_SHIFT,POPULATION,CNTY_CITY_LOC,SPECIAL_COND,BEAT_TYPE,CHP_BEAT_TYPE,CITY_DIVISION_LAPD,CHP_BEAT_CLASS,BEAT_NUMBER,PRIMARY_RD,SECONDARY_RD,DISTANCE,DIRECTION,INTERSECTION,WEATHER_1,WEATHER_2,STATE_HWY_IND,CALTRANS_COUNTY,CALTRANS_DISTRICT,STATE_ROUTE,ROUTE_SUFFIX,POSTMILE_PREFIX,POSTMILE,LOCATION_TYPE,RAMP_INTERSECTION,SIDE_OF_HWY,TOW_AWAY,COLLISION_SEVERITY,NUMBER_KILLED,NUMBER_INJURED,PARTY_COUNT,PRIMARY_COLL_FACTOR,PCF_CODE_OF_VIOL,PCF_VIOL_CATEGORY,PCF_VIOLATION,PCF_VIOL_SUBSECTION,HIT_AND_RUN,TYPE_OF_COLLISION,MVIW,PED_ACTION,ROAD_SURFACE,ROAD_COND_1,ROAD_COND_2,LIGHTING,CONTROL_DEVICE,CHP_ROAD_TYPE,PEDESTRIAN_ACCIDENT,BICYCLE_ACCIDENT,MOTORCYCLE_ACCIDENT,TRUCK_ACCIDENT,NOT_PRIVATE_PROPERTY,ALCOHOL_INVOLVED,STWD_VEHTYPE_AT_FAULT,CHP_VEHTYPE_AT_FAULT,COUNT_SEVERE_INJ,COUNT_VISIBLE_INJ,COUNT_COMPLAINT_PAIN,COUNT_PED_KILLED,COUNT_PED_INJURED,COUNT_BICYCLIST_KILLED,COUNT_BICYCLIST_INJURED,COUNT_MC_KILLED,COUNT_MC_INJURED,PRIMARY_RAMP,SECONDARY_RAMP,LATITUDE,LONGITUDE,COUNTY,CITY,POINT_X,POINT_Y
91458159,2021,2021-04-26,9425,2021-04-14,1205,014853,,3,1,9,5500,0,2,4,,2,023,"PHOENIX LAKE ROAD","MEADOW BROOK DR",80.00,E,N,A,-,N,,,,,,,,,,Y,2,0,1,1,A,-,08,22107,,N,F,A,A,A,H,-,A,D,0,,,Y,,Y,,C,02,1,0,0,0,0,0,0,0,1,"- ","- ",37.989910125732422,-120.33014678955078,TUOLUMNE,UNINCORPORATED,-120.33023071289062,37.989837646484375
91460728,2021,2021-04-28,9425,2021-04-17,1328,014853,,6,1,9,5500,0,1,3,,2,013,SR-49,"JAMESTOWN ROAD",0.00,,Y,A,-,Y,,,49,,,,,,,Y,2,0,1,2,A,-,09,21801,A,N,D,C,A,A,H,-,A,A,0,,,Y,,Y,,A,01,1,0,0,0,0,0,0,0,1,"- ","- ",37.956508636474609,-120.42166137695312,TUOLUMNE,UNINCORPORATED,-120.42168426513672,37.956562042236328
91482154,2021,2021-05-27,9425,2021-05-11,0939,014853,,2,1,9,5500,0,1,3,,2,013,SR-49,"MILL VILLA ROAD",0.00,,Y,A,-,N,,,49,,,,,,,Y,2,0,1,2,A,-,01,23152,A,N,D,C,A,A,H,-,A,A,0,,,,Y,Y,Y,A,01,1,0,0,0,0,0,0,0,0,"- ","- ",37.962989807128906,-120.40084838867188,TUOLUMNE,UNINCORPORATED,-120.40084838867188,37.963016510009766
91483292,2021,2021-05-27,9425,2021-05-17,1150,019785,,1,1,9,5500,0,1,3,,2,032,"STATE ROUTE 108","CLARKS FORK ROAD",1058.00,E,N,B,-,Y,,,108,,,,,,,Y,2,0,1,1,A,-,08,22107,,N,E,I,A,A,H,-,A,D,0,,,Y,,Y,,C,02,1,0,0,0,0,0,0,0,1,"- ","- ",38.356239318847656,-119.87415313720703,TUOLUMNE,UNINCORPORATED,-119.87419128417969,38.356281280517578
91487839,2021,2021-06-02,9425,2021-05-25,2240,015963,,2,3,9,5500,0,1,3,,2,031,SR-108,"L STREET",1056.00,W,N,A,-,Y,,,108,,,,,,,Y,2,0,1,1,A,-,08,22107,,N,E,I,A,A,H,-,D,D,0,,,Y,,Y,,C,02,1,0,0,0,0,0,0,0,1,"- ","- ",38.054740905761719,-120.20195770263672,TUOLUMNE,UNINCORPORATED,-120.20191192626953,38.054676055908203
91490857,2021,2021-06-07,9425,2021-05-23,2010,018822,,7,2,9,5500,0,2,4,,2,023,"PHOENIX LAKE RD","MEADOW BROOK",615.00,W,N,A,-,N,,,,,,,,,,Y,2,0,2,1,A,-,01,23152,A,N,E,I,A,A,H,-,B,D,0,,,Y,,Y,Y,C,02,2,0,0,0,0,0,0,0,2,"- ","- ",37.988189697265625,-120.33125305175781,TUOLUMNE,UNINCORPORATED,-120.33127593994141,37.988319396972656
91493342,2021,2021-06-09,9425,2021-05-31,1055,017461,,1,1,9,5500,0,1,3,,2,042,SR-120,"YOSEMITE LAKES RD",1584.00,W,N,A,-,Y,,,120,,,,,,,Y,2,0,1,1,A,-,08,22107,,N,F,A,A,A,H,-,A,D,0,,,Y,,Y,,C,02,1,0,0,0,0,0,0,0,1,"- ","- ",37.815929412841797,-119.947509765625,TUOLUMNE,UNINCORPORATED,-119.94751739501953,37.815944671630859
91493825,2021,2021-06-10,9425,2021-05-20,1915,018822,,4,2,9,5500,0,1,3,,2,022,SR-49,"OLD SONORA COLUMBIA ROAD",360.00,N,N,A,-,Y,,,49,,,,,,,Y,2,0,2,1,A,-,01,23152,A,N,E,I,A,A,H,-,A,D,0,,,,,Y,Y,A,07,2,0,0,0,0,0,0,0,0,"- ","- ",38.005668640136719,-120.38667297363281,TUOLUMNE,UNINCORPORATED,-120.38668823242188,38.005649566650391
91494352,2021,2021-06-16,9425,2021-06-07,0500,016540,,1,3,9,5500,0,2,4,,2,034,"TUOLUMNE ROAD","WESTSIDE RD",974.00,E,N,A,-,N,,,,,,,,,,Y,2,0,1,1,A,-,08,22107,,N,E,I,A,A,H,-,D,D,0,,,Y,,Y,,C,02,1,0,0,0,0,0,0,0,1,"- ","- ",37.964561462402344,-120.24501037597656,TUOLUMNE,UNINCORPORATED,-120.24522399902344,37.964653015136719
91549144,2021,2021-08-19,9425,2021-08-11,2500,017403,,3,4,9,5500,0,3,5,,1,004,"WARDS FERRY RD","THIEL RD.",528.00,N,N,A,-,N,,,,,,,,,,Y,2,0,1,1,A,-,08,22107,,N,F,A,A,A,H,-,D,D,0,,,,,Y,,A,01,1,0,0,0,0,0,0,0,0,"- ","- ",37.851879119873047,-120.2523193359375,TUOLUMNE,UNINCORPORATED,-120.25161743164062,37.851459503173828
91560768,2021,2021-09-02,9425,2021-08-31,2120,018822,,2,2,9,5500,0,1,3,,2,022,SR-49,"VON KLEIBEN ROAD",750.00,N,N,A,-,Y,,,49,,,,,,,N,2,0,1,1,C,-,18,,,N,E,H,A,A,H,-,D,D,0,,,Y,,Y,,-,"- ",1,0,0,0,0,0,0,0,1,"- ","- ",38.006671905517578,-120.42445373535156,TUOLUMNE,UNINCORPORATED,-120.42449951171875,38.006687164306641
91571863,2021,2021-09-16,9425,2021-09-06,0001,016812,,1,3,9,5500,0,3,5,,2,001,"JAMESTOWN RD","WHISKEY CREEK RD",3168.00,S,N,A,-,N,,,,,,,,,,Y,2,0,1,1,A,-,08,22107,,N,F,A,A,A,H,-,D,D,0,,,,,Y,,A,01,1,0,0,0,0,0,0,0,0,"- ","- ",37.978710174560547,-120.41700744628906,TUOLUMNE,UNINCORPORATED,-120.41701507568359,37.979015350341797
91575354,2021,2021-09-21,9425,2021-08-22,1847,016812,,7,2,9,5500,0,3,5,,2,001,"RAWHIDE RD","OMEGA MINE RD",1056.00,S,N,A,-,N,,,,,,,,,,Y,2,0,1,2,A,-,05,21460,A,N,A,C,A,A,H,-,A,A,0,,,Y,Y,Y,,C,02,1,0,0,0,0,0,0,0,1,"- ","- ",37.967769622802734,-120.43950653076172,TUOLUMNE,UNINCORPORATED,-120.44441223144531,37.964179992675781
91575751,2021,2021-09-21,9425,2021-09-17,1115,016886,,5,1,9,5500,0,1,3,,1,043,"STATE ROUTE 49","TUOLUMNE/MARIPOSA COUNTY LINE",7128.00,N,N,A,-,Y,,,49,,,,,,,Y,2,0,2,2,A,-,05,21460,A,N,A,C,A,A,H,-,A,D,0,,,Y,,Y,,C,02,2,0,0,0,0,0,0,0,2,"- ","- ",37.765491485595703,-120.25987243652344,TUOLUMNE,UNINCORPORATED,-120.25986480712891,37.765491485595703
91591985,2021,2021-10-08,9425,2021-09-17,1640,018822,,5,2,9,5500,0,3,5,,2,003,"FULLER RD","GOLF CLUB DR",635.00,N,N,A,-,N,,,,,,,,,,N,2,0,1,2,A,-,08,22107,,M,D,C,A,A,H,-,A,D,0,,,Y,,Y,,C,02,1,0,0,0,0,0,0,0,1,"- ","- ",38.033908843994141,-120.23902893066406,TUOLUMNE,UNINCORPORATED,-120.23912048339844,38.0338134765625
91600503,2021,2021-10-19,9425,2021-10-03,1055,018822,,7,1,9,5500,0,1,3,,2,011,SR-120,"RUSHING HILL LOOKOUT ROAD",3333.00,W,N,A,-,Y,,,120,,,,,,,Y,2,0,1,1,A,-,08,22107,,N,F,A,A,A,A,H,A,D,0,,,Y,,Y,,C,02,1,0,0,0,0,0,0,0,1,"- ","- ",37.847270965576172,-120.57135772705078,TUOLUMNE,UNINCORPORATED,-120.57136535644531,37.847202301025391
91603990,2021,2021-10-22,9425,2021-09-20,2034,016812,,1,2,9,5500,0,1,3,,2,031,SR-108,"KOINONIA CT",9.00,E,N,A,-,Y,,,108,,,,,,,Y,1,1,1,1,A,-,01,23152,A,N,E,I,A,A,H,-,D,D,0,,,,,Y,Y,D,22,0,1,0,0,0,0,0,0,0,"- ","- ",38.067348480224609,-120.18205261230469,TUOLUMNE,UNINCORPORATED,-120.18206787109375,38.067340850830078
91634064,2021,2021-11-24,9425,2021-11-21,1215,017461,,7,1,9,5500,0,3,5,,1,004,"OLD PRIEST GRADE",SR-120,1056.00,E,N,D,-,N,,,,,,,,,,Y,2,0,1,1,A,-,17,21662,A,N,F,A,A,B,H,-,A,D,0,,,Y,,Y,,C,02,1,0,0,0,0,0,0,0,1,"- ","- ",37.815608978271484,-120.29727935791016,TUOLUMNE,UNINCORPORATED,-120.29616546630859,37.816146850585938
91645750,2021,2021-12-07,9425,2021-11-26,1555,017461,,5,2,9,5500,0,1,3,,1,043,SR-49,"MOCCASIN SWITCHBACK RD",18480.00,S,N,A,-,Y,,,49,,,,,,,Y,2,0,1,1,A,-,08,22107,,N,E,I,A,A,H,-,A,D,0,,,,,Y,,D,22,1,0,0,0,0,0,0,0,0,"- ","- ",37.786151885986328,-120.27558898925781,TUOLUMNE,UNINCORPORATED,-120.27558135986328,37.786151885986328
91646778,2021,2021-12-08,9425,2021-11-24,2010,018644,,3,2,9,5500,0,2,4,,2,025,"PARROTTS FERRY RD","PARROTTS FERRY BRIDGE",200.00,S,N,A,-,N,,,,,,,,,,Y,2,0,2,1,A,-,01,23152,A,N,F,A,A,A,H,-,D,D,0,,,,,Y,Y,D,22,1,1,0,0,0,0,0,0,0,"- ","- ",38.036838531494141,-120.45189666748047,TUOLUMNE,UNINCORPORATED,-120.40174865722656,38.0355224609375
91650128,2021,2021-12-13,9425,2021-12-04,1530,019657,,6,2,9,5500,0,3,5,,2,003,"FOREST ROUTE 3N66","FOREST ROUTE 3N26Y",40.00,E,N,A,-,N,,,,,,,,,,N,2,0,1,1,A,-,08,22107,,N,E,I,A,A,H,-,A,D,0,,,Y,,Y,,C,02,1,0,0,0,0,0,0,0,1,"- ","- ",38.096031188964844,-120.01152801513672,TUOLUMNE,UNINCORPORATED,-120.01149749755859,38.095878601074219
91658057,2021,2021-12-21,9425,2021-08-08,1420,017461,,7,2,9,5500,0,3,5,,1,004,"PRIEST COULTERVILLE RD","STATE ROUTE 120",21120.00,S,N,A,-,N,,,,,,,,,,Y,1,1,0,1,A,-,01,23152,A,N,E,I,A,A,H,-,A,D,0,,,,,Y,Y,A,07,0,0,0,0,0,0,0,0,0,"- ","- ",37.771820068359375,-120.21308135986328,TUOLUMNE,UNINCORPORATED,-120.22620391845703,37.777946472167969
91669575,2021,2022-01-04,9425,2021-11-20,1250,018822,,6,1,9,5500,0,2,4,,2,024,"TUOLUMNE ROAD","HESS AVENUE",728.00,E,N,A,-,N,,,,,,,,,,Y,2,0,1,2,A,-,03,22350,,N,C,C,A,A,H,-,A,D,0,,,Y,,Y,,C,02,1,0,0,0,0,0,0,0,1,"- ","- ",37.964401245117188,-120.32978057861328,TUOLUMNE,UNINCORPORATED,-120.32985687255859,37.964523315429688
91673795,2022,2022-01-07,9425,2022-01-04,1635,018251,,2,2,9,5500,0,3,5,,2,001,"SHAWS FLAT ROAD","STATE ROUTE 49",1056.00,S,N,A,-,Y,,,,,,,,,,Y,2,0,2,2,A,-,03,22350,,N,C,C,A,A,H,-,A,D,0,,,Y,,Y,,C,02,1,0,1,0,0,0,0,0,1,"- ","- ",38.008991241455078,-120.40334320068359,TUOLUMNE,UNINCORPORATED,-120.38449096679688,37.990440368652344
91680262,2021,2022-01-18,9425,2021-12-10,0110,018822,,5,3,9,5500,0,3,5,,2,001,"BONDS FLAT ROAD","LA GRANGE ROAD",7392.00,E,N,A,-,N,,,,,,,,,,Y,2,0,1,1,A,-,01,23152,A,N,E,I,A,A,H,-,D,D,0,,,,,Y,Y,D,22,1,0,0,0,0,0,0,0,0,"- ","- ",37.69879150390625,-120.43256378173828,TUOLUMNE,UNINCORPORATED,-120.43278503417969,37.698951721191406
91697788,2022,2022-02-28,9425,2022-01-29,1810,018559,,6,2,9,5500,0,2,4,,2,026,"MONO WAY","SR-108 E/B FROM MONO WAY",0.00,,Y,A,-,Y,,,,,,,,,,Y,2,0,2,2,A,-,01,23152,A,N,A,C,A,A,H,-,C,A,0,,,,,Y,Y,D,22,1,1,0,0,0,0,0,0,0,"- ","- ",37.976371765136719,-120.35665893554688,TUOLUMNE,UNINCORPORATED,-120.27965545654297,37.990234375
91720856,2021,2022-03-11,9425,2021-09-15,1510,017461,,3,2,9,5500,0,1,3,,2,041,"FERRETTI RD","STATE ROUTE 120",8.00,N,N,A,-,Y,,,,,,,,,,Y,1,1,0,1,A,-,06,21755,A,N,E,I,A,A,H,-,A,A,0,,,,,Y,,A,01,0,0,0,0,0,0,0,0,0,"- ","- ",37.840061187744141,-120.225341796875,TUOLUMNE,UNINCORPORATED,-120.225341796875,37.840000152587891
91730804,2022,2022-03-24,9425,2022-03-12,1405,018559,,6,2,9,5500,0,2,4,,2,034,"TUOLUMNE RD","MORRIS RD",687.00,W,N,A,-,N,,,,,,,,,,Y,2,0,3,2,A,-,01,23152,F,N,A,C,A,A,H,-,A,D,0,,,,,Y,,A,01,2,1,0,0,0,0,0,0,0,"- ","- ",37.963188171386719,-120.29016876220703,TUOLUMNE,UNINCORPORATED,-120.29014587402344,37.963180541992188
91734935,2022,2022-03-28,9425,2022-02-23,1615,017822,,3,2,9,5500,0,2,4,,2,034,"TUOLUMNE ROAD","WOODHAM CARNE RD",411.00,W,N,A,-,N,,,,,,,,,,Y,2,0,1,2,A,-,16,24002,,N,E,J,A,A,H,-,A,D,0,,,,Y,Y,,G,25,1,0,0,0,0,0,0,0,0,"- ","- ",37.963138580322266,-120.28598022460938,TUOLUMNE,UNINCORPORATED,-120.28587341308594,37.963150024414062
91743436,2021,2022-04-07,9425,2021-12-23,2500,014853,,4,4,9,5500,0,1,3,,2,011,"SR-120 WESTBOUND","TULLOCH DAM RD",2112.00,E,N,B,-,Y,,,120,,,,,,W,Y,2,0,2,1,A,-,01,23152,A,M,E,I,A,B,H,-,D,D,0,,,,,Y,Y,A,07,1,1,0,0,0,0,0,0,0,"- ","- ",37.843299865722656,-120.62061309814453,TUOLUMNE,UNINCORPORATED,-120.62056732177734,37.843223571777344
91747283,2022,2022-05-18,9425,2022-04-03,1230,017403,,7,1,9,5500,0,3,5,,1,004,"EVERGREEN RD",SR-120,4752.00,N,N,A,-,N,,,,,,,,,,N,2,0,1,1,A,-,03,22350,,N,F,A,A,A,A,-,A,D,0,,,Y,,Y,,C,02,1,0,0,0,0,0,0,0,1,"- ","- ",37.813758850097656,-119.86203002929688,TUOLUMNE,UNINCORPORATED,-119.87522888183594,37.815200805664062
91751097,2022,2022-04-19,9425,2022-04-07,1445,019773,,4,2,9,5500,0,3,5,,2,003,"LAMA RD","WUKE LN",286.00,S,N,A,-,N,,,,,,,,,,N,2,0,1,2,A,-,09,21801,A,N,D,C,A,A,H,-,A,D,0,,,Y,,Y,,A,07,1,0,0,0,0,0,0,0,1,"- ","- ",38.064041137695312,-120.18621826171875,TUOLUMNE,UNINCORPORATED,-120.18621063232422,38.064094543457031
91751466,2022,2022-07-21,9425,2022-01-18,1717,018822,,2,2,9,5500,0,1,3,,2,013,SR-49,"CHICKEN RANCH RD",687.00,S,N,A,-,Y,TUO,,49,,,12.683,H,,R,Y,1,1,0,2,A,-,01,23152,A,N,A,C,A,A,H,-,A,D,0,,,,,Y,Y,D,22,0,0,0,0,0,0,0,0,0,"- ","- ",37.933368682861328,-120.44425964355469,TUOLUMNE,UNINCORPORATED,-120.44425201416016,37.933368682861328
91765406,2022,2022-05-05,9425,2022-04-24,0125,018644,,7,3,9,5500,0,3,5,,2,003,"TUOLUMNE RD  NORTH","INKS DR",300.00,N,N,A,-,N,,,,,,,,,,Y,2,0,1,1,A,-,01,23152,A,N,E,I,A,A,H,-,D,D,0,,,,,Y,Y,D,22,1,0,0,0,0,0,0,0,0,"- ","- ",37.982570648193359,-120.24642944335938,TUOLUMNE,UNINCORPORATED,-120.24640655517578,37.982658386230469
91768833,2022,2022-05-10,9425,2022-04-29,1830,017461,,5,2,9,5500,0,1,3,,2,041,SR-120,"DEER FLAT ROAD",210.00,W,N,A,-,Y,TUO,,120,,,31.817,H,,R,Y,2,0,1,1,A,-,01,23152,A,N,F,A,A,A,H,-,A,D,0,,,,,Y,Y,A,01,1,0,0,0,0,0,0,0,0,"- ","- ",37.836460113525391,-120.23786926269531,TUOLUMNE,UNINCORPORATED,-120.23783874511719,37.836410522460938
91772775,2022,2022-05-16,9425,2022-04-05,1808,019489,,2,2,9,5500,0,3,5,,2,003,"ITALIAN BAR RD","ROSE CREEK CIRCLE",460.00,S,N,A,-,N,,,,,,,,,,N,2,0,2,1,A,-,08,22107,,N,E,I,A,A,H,-,A,D,0,,,,,Y,,-,"- ",1,1,0,0,0,0,0,0,0,"- ","- ",38.119979858398438,-120.24149322509766,TUOLUMNE,UNINCORPORATED,-120.24125671386719,38.117538452148438
91795640,2022,2022-06-15,9425,2022-06-07,1535,019287,,2,2,9,5500,0,3,5,,2,003,"MIDDLE CAMP RD","LAZY Z LN",494.00,E,N,A,-,N,,,,,,,,,,Y,2,0,2,1,A,-,08,22107,,N,E,I,A,A,H,-,A,D,0,,,,,Y,,A,01,1,1,0,0,0,0,0,0,0,"- ","- ",38.036460876464844,-120.25760650634766,TUOLUMNE,UNINCORPORATED,,
91800800,2022,2022-06-22,9425,2022-06-16,1857,016886,,4,2,9,5500,0,3,5,,1,004,"ARBOLADA DRIVE","MADRESELVA STREET NORTH",268.00,N,N,B,-,N,,,,,,,,,,Y,2,0,1,1,A,-,08,22107,,N,E,I,A,A,H,-,A,D,0,,,,,Y,,A,01,1,0,0,0,0,0,0,0,0,"- ","- ",37.711071014404297,-120.34439849853516,TUOLUMNE,UNINCORPORATED,-120.34440612792969,37.710979461669922
91810478,2022,2022-07-05,9425,2022-06-24,2140,019287,,5,2,9,5500,0,3,5,,2,003,"JOAQUIN GULLY RD","FULLER RD",55.00,S,N,A,-,N,,,,,,,,,,N,2,0,1,1,A,-,01,23152,A,N,F,A,A,A,H,-,D,D,0,,,Y,,Y,Y,C,02,1,0,0,0,0,0,0,0,1,"- ","- ",38.039199829101562,-120.22978210449219,TUOLUMNE,UNINCORPORATED,-120.22969818115234,38.039211273193359
91811020,2022,2022-07-06,9425,2022-06-25,0900,018644,,6,1,9,5500,0,1,3,,2,013,SR-49,"RAWHIDE ROAD",145.00,S,N,A,-,Y,TUO,,49,,,14.710,H,,R,Y,2,0,2,2,A,-,09,21801,A,N,D,C,A,A,H,-,A,D,0,,,Y,,Y,,A,07,1,0,1,0,0,0,0,0,1,"- ","- ",37.95574951171875,-120.42317199707031,TUOLUMNE,UNINCORPORATED,-120.42311859130859,37.955707550048828
91812913,2022,2022-07-08,9425,2022-07-06,2330,018644,,3,3,9,5500,0,1,3,,2,011,"SR-120 W/B","TULLOCH DAM RD",6336.00,E,N,A,-,Y,TUO,,120,,R,2.644,H,,L,Y,2,0,2,1,A,-,08,22107,,N,F,A,A,A,H,-,D,D,0,,,,,Y,,A,01,2,0,0,0,0,0,0,0,0,"- ","- ",37.847000122070312,-120.60576629638672,TUOLUMNE,UNINCORPORATED,-120.60575866699219,37.846969604492188
91816214,2022,2022-07-13,9425,2022-05-28,1842,019657,,6,2,9,5500,0,1,3,,2,011,"STATE ROUTE 120","LA GRANGE ROAD",0.00,,Y,A,-,Y,TUO,,120,,,8.188,H,,R,N,2,0,1,2,A,-,08,22107,,N,B,C,A,A,H,-,A,D,0,,,Y,,Y,Y,-,"- ",1,0,0,0,0,0,0,0,1,"- ","- ",37.843299865722656,-120.508056640625,TUOLUMNE,UNINCORPORATED,-120.50810241699219,37.843334197998047
91819701,2022,2022-07-18,9425,2022-01-30,2500,014853,,7,4,9,5500,0,1,3,,2,013,"SR-120 EASTBOUND","TULLOCH ROAD",3168.00,E,N,A,-,Y,TUO,,120,,R,2.059,H,,R,Y,1,1,0,1,A,-,01,23152,F,N,E,I,A,A,H,-,D,D,0,,,,,Y,,D,22,0,0,0,0,0,0,0,0,0,"- ","- ",37.844890594482422,-120.61524200439453,TUOLUMNE,UNINCORPORATED,-120.61512756347656,37.844692230224609
91828821,2022,2022-07-29,9425,2022-07-22,1700,019287,,5,2,9,5500,0,1,3,,2,032,SR108,"CLARKS FORK RD",1111.00,E,N,A,-,Y,TUO,,108,,,49.541,H,,R,Y,2,0,1,1,A,-,08,22107,,N,F,A,A,A,H,-,A,D,0,,,Y,,Y,,C,02,1,0,0,0,0,0,0,0,1,"- ","- ",38.35662841796875,-119.87397766113281,TUOLUMNE,UNINCORPORATED,-119.87404632568359,38.356636047363281
91828891,2022,2022-07-29,9425,2022-07-24,1250,018559,,7,1,9,5500,0,3,5,,2,003,"SOULSBYVILLE RD","BLACK OAK RD",0.00,,Y,A,-,N,,,,,,,,,,N,2,0,1,1,A,-,08,22107,,N,F,A,A,A,H,-,A,D,0,,,Y,,Y,,C,02,1,0,0,0,0,0,0,0,1,"- ","- ",37.973819732666016,-120.27641296386719,TUOLUMNE,UNINCORPORATED,-120.27637481689453,37.97381591796875
91835100,2022,2022-08-08,9425,2022-02-20,1845,018559,,7,2,9,5500,0,1,3,,2,011,SR-120,"PERRI CONE RD",315.00,E,N,A,-,Y,TUO,,120,,,14.264,H,,R,Y,1,1,5,2,A,-,01,23152,A,N,A,C,A,A,H,-,D,A,0,,,,,Y,Y,A,01,0,1,4,0,0,0,0,0,0,"- ","- ",37.880088806152344,-120.45642852783203,TUOLUMNE,UNINCORPORATED,-120.45642852783203,37.88006591796875
91838024,2022,2022-08-11,9425,2022-01-10,1635,019657,,1,2,9,5500,0,2,4,,2,026,"MONO WAY","STATE ROUTE 108 WESTBOUND FROM MONO WAY",0.00,,Y,A,-,N,,,,,,,,,,Y,1,1,1,2,A,-,12,21453,A,N,D,C,A,A,H,-,A,A,0,,,Y,,Y,,A,07,0,0,1,0,0,0,0,1,0,"- ","- ",37.976181030273438,-120.35896301269531,TUOLUMNE,UNINCORPORATED,-120.27965545654297,37.990234375
91844517,2022,2022-08-19,9425,2022-06-28,0722,016921,,2,1,9,5500,0,1,3,,1,021,SR-108,"SANGUINTETTI ROAD",20.00,W,N,A,-,Y,TUO,,108,,R,2.034,H,,R,N,1,1,0,2,A,-,08,22107,,N,B,C,A,A,H,-,A,D,0,,,Y,,Y,,C,02,0,0,0,0,0,0,0,1,0,"- ","- ",37.974311828613281,-120.36020660400391,TUOLUMNE,UNINCORPORATED,-120.36022186279297,37.974315643310547
91844551,2022,2022-08-19,9425,2022-08-13,1143,016886,,6,1,9,5500,0,1,3,,1,043,"STATE ROUTE 49","TUOLUMNE/MARIPOSA COUNTY LINE",1056.00,N,N,A,-,Y,TUO,,49,,,0.231,H,,R,N,2,0,1,1,A,-,08,22107,,N,F,0,A,A,H,-,A,D,0,,,Y,,Y,,C,02,1,0,0,0,0,0,0,0,1,"- ","- ",37.753120422363281,-120.24797821044922,TUOLUMNE,UNINCORPORATED,-120.24794769287109,37.753128051757812
91853215,2022,2022-08-30,9425,2022-08-14,1840,019489,,7,2,9,5500,0,3,5,,2,001,"RAWHIDE ROAD","PEPPER CREEK ROAD",724.00,N,N,A,-,N,,,,,,,,,,N,2,0,1,1,A,-,08,22107,,N,E,I,A,A,H,-,A,D,0,,,Y,,Y,,C,02,1,0,0,0,0,0,0,0,1,"- ","- ",37.960739135742188,-120.42539978027344,TUOLUMNE,UNINCORPORATED,,
91858703,2022,2022-09-07,9425,2022-08-24,2255,019657,,3,3,9,5500,0,3,5,,1,004,"FERRETTI ROAD","BOITANO ROAD",285.00,E,N,A,-,N,,,,,,,,,,Y,2,0,1,1,A,-,01,23152,A,N,F,A,A,A,H,-,D,D,0,,,,,Y,Y,A,01,1,0,0,0,0,0,0,0,0,"- ","- ",37.860630035400391,-120.19258880615234,TUOLUMNE,UNINCORPORATED,-120.19278717041016,37.860572814941406
91871077,2022,2022-09-22,9425,2022-01-08,1730,019657,,6,2,9,5500,0,1,3,,2,011,"STATE ROUTE 120","LA GRANGE ROAD",343.00,W,N,A,-,Y,TUO,,120,,,8.131,H,,R,Y,1,1,1,3,A,-,01,23152,G,N,A,C,A,A,H,-,C,D,0,,,,,Y,Y,A,01,1,0,0,0,0,0,0,0,0,"- ","- ",37.842819213867188,-120.50890350341797,TUOLUMNE,UNINCORPORATED,-120.5089111328125,37.842838287353516
91879134,2022,2022-09-30,9425,2022-09-26,2235,016812,,1,3,9,5500,0,1,3,,2,031,SR-108,"PELA CTF",610.00,E,N,A,-,Y,TUO,,108,,,15.319,H,,R,Y,2,0,1,1,A,-,01,23152,A,N,E,8,A,A,H,-,D,D,0,,,,,Y,Y,A,01,1,0,0,0,0,0,0,0,0,"- ","- ",38.067630767822266,-120.18782806396484,TUOLUMNE,UNINCORPORATED,-120.18782043457031,38.067584991455078
91880774,2022,2022-10-03,9425,2022-09-16,2200,016921,,5,3,9,5500,0,1,3,,2,011,"SR-120 WESTBOUND","TULLOCH ROAD",5280.00,E,N,A,-,Y,,,,,,,,,,Y,1,1,0,1,A,-,08,22107,,N,F,A,A,A,H,-,D,D,0,,,,,Y,,A,01,0,0,0,0,0,0,0,0,0,"- ","- ",37.4869384765625,-120.6092529296875,TUOLUMNE,UNINCORPORATED,-120.61090850830078,37.84674072265625
91884963,2022,2022-10-07,9425,2022-09-30,0724,018251,,5,1,9,5500,0,1,3,,1,021,"STATE ROUTE 108","HESS AVENUE",2640.00,E,N,A,-,Y,TUO,,108,,R,3.945,H,,R,Y,2,0,2,2,A,-,05,21460,A,N,A,C,A,A,H,-,A,D,0,,,,,Y,,A,07,1,1,0,0,0,0,0,0,0,"- ","- ",37.981239318847656,-120.32733917236328,TUOLUMNE,UNINCORPORATED,-120.32733917236328,37.981231689453125