CASE_ID,ACCIDENT_YEAR,PROC_DATE,JURIS,COLLISION_DATE,COLLISION_TIME,OFFICER_ID,REPORTING_DISTRICT,DAY_OF_WEEK,CHP_SHIFT,POPULATION,CNTY_CITY_LOC,SPECIAL_COND,BEAT_TYPE,CHP_BEAT_TYPE,CITY_DIVISION_LAPD,CHP_BEAT_CLASS,BEAT_NUMBER,PRIMARY_RD,SECONDARY_RD,DISTANCE,DIRECTION,INTERSECTION,WEATHER_1,WEATHER_2,STATE_HWY_IND,CALTRANS_COUNTY,CALTRANS_DISTRICT,STATE_ROUTE,ROUTE_SUFFIX,POSTMILE_PREFIX,POSTMILE,LOCATION_TYPE,RAMP_INTERSECTION,SIDE_OF_HWY,TOW_AWAY,COLLISION_SEVERITY,NUMBER_KILLED,NUMBER_INJURED,PARTY_COUNT,PRIMARY_COLL_FACTOR,PCF_CODE_OF_VIOL,PCF_VIOL_CATEGORY,PCF_VIOLATION,PCF_VIOL_SUBSECTION,HIT_AND_RUN,TYPE_OF_COLLISION,MVIW,PED_ACTION,ROAD_SURFACE,ROAD_COND_1,ROAD_COND_2,LIGHTING,CONTROL_DEVICE,CHP_ROAD_TYPE,PEDESTRIAN_ACCIDENT,BICYCLE_ACCIDENT,MOTORCYCLE_ACCIDENT,TRUCK_ACCIDENT,NOT_PRIVATE_PROPERTY,ALCOHOL_INVOLVED,STWD_VEHTYPE_AT_FAULT,CHP_VEHTYPE_AT_FAULT,COUNT_SEVERE_INJ,COUNT_VISIBLE_INJ,COUNT_COMPLAINT_PAIN,COUNT_PED_KILLED,COUNT_PED_INJURED,COUNT_BICYCLIST_KILLED,COUNT_BICYCLIST_INJURED,COUNT_MC_KILLED,COUNT_MC_INJURED,PRIMARY_RAMP,SECONDARY_RAMP,LATITUDE,LONGITUDE,COUNTY,CITY,POINT_X,POINT_Y
91886198,2022,2022-10-10,9425,2022-10-01,0930,016540,,6,1,9,5500,0,1,3,,2,032,SR-108,"KENNEDY MEADOW RD",9504.00,E,N,A,-,Y,TUO,,108,,,59.597,H,,R,N,2,0,1,1,A,-,08,22107,,N,F,A,A,A,H,-,A,D,0,,,Y,,Y,,C,02,1,0,0,0,0,0,0,0,1,"- ","- ",38.316638946533203,-119.73027801513672,TUOLUMNE,UNINCORPORATED,-119.73032379150391,38.316638946533203
91899832,2022,2022-10-26,9425,2022-10-17,2255,016812,,1,3,9,5500,0,1,3,,1,043,SR-49,"MARSHES FLAT RD",12672.00,S,N,A,-,Y,TUO,,49,,,3.300,H,,R,Y,2,0,1,1,A,-,01,23152,A,N,F,A,A,A,H,-,D,D,0,,,,,Y,Y,D,22,1,0,0,0,0,0,0,0,0,"- ","- ",37.782649993896484,-120.27356719970703,TUOLUMNE,UNINCORPORATED,-120.27354431152344,37.782646179199219
91904265,2022,2022-10-28,9425,2022-10-21,0338,016812,,5,3,9,5500,0,2,4,,2,034,"TUOLUMNE RD","SOULSBYVILLE RD",785.00,W,N,A,-,N,,,,,,,,,,Y,2,0,2,2,A,-,01,23152,A,N,A,C,A,A,H,-,D,D,0,,,,,Y,Y,A,01,1,0,1,0,0,0,0,0,0,"- ","- ",37.965488433837891,-120.27649688720703,TUOLUMNE,UNINCORPORATED,-120.27371978759766,37.965812683105469
91909087,2022,2022-11-03,9425,2022-10-27,1535,017822,,4,2,9,5500,0,2,4,,2,024,"PHOENIX LAKE RD","BEAR CUB DR",528.00,E,N,A,-,N,,,,,,,,,,Y,2,0,2,2,A,-,05,21460,A,N,A,C,A,A,H,-,A,D,0,,,,,Y,,A,01,1,0,1,0,0,0,0,0,0,"- ","- ",38.006069183349609,-120.30680084228516,TUOLUMNE,UNINCORPORATED,-120.30723571777344,38.005672454833984
91911680,2022,2022-11-07,9425,2022-07-24,1703,019657,,7,2,9,5500,0,1,3,,1,021,"STATE ROUTE 108","OLD WARDS FERRY ROAD",1218.00,W,N,A,-,Y,TUO,,108,,R,1.334,H,,R,Y,1,1,1,2,A,-,05,21460,A,N,A,2,A,A,H,-,A,D,0,,,,,Y,,A,01,1,0,0,0,0,0,0,0,0,"- ","- ",37.9698486328125,-120.37120819091797,TUOLUMNE,UNINCORPORATED,-120.37120819091797,37.969856262207031
91916886,2022,2022-11-14,9425,2022-10-24,0340,018644,,1,3,9,5500,0,1,3,,2,032,SR-108,"MIDDLE FORK STANISLAUS RIVER",5280.00,E,N,A,-,Y,TUO,,108,,,54.080,H,,R,Y,2,0,1,1,A,-,03,22350,,N,E,8,A,A,H,-,D,D,0,,,,,Y,,A,01,1,0,0,0,0,0,0,0,0,"- ","- ",38.339061737060547,-119.81262969970703,TUOLUMNE,UNINCORPORATED,-119.81262969970703,38.339057922363281
91929451,2022,2022-11-29,9425,2022-11-17,2155,018822,,4,2,9,5500,0,3,5,,2,001,"JAMESTOWN RD","WHISKEY CREEK RD",1740.00,S,N,A,-,N,,,,,,,,,,Y,2,0,3,1,A,-,08,22107,,N,E,I,A,A,H,-,D,D,0,,,,,Y,Y,A,01,2,1,0,0,0,0,0,0,0,"- ","- ",37.982830047607422,-120.41737365722656,TUOLUMNE,UNINCORPORATED,-120.41724395751953,37.982864379882812
92005012,2023,2023-02-28,9425,2023-02-19,1430,019918,,7,2,9,5500,0,1,3,,1,043,SR-49,"MARSHES FLAT ROAD",18480.00,S,N,A,-,Y,TUO,,49," "," ",2.203,H,,R,Y,2,0,1,2,A,-,08,22107,,N,B,C,A,A,H,-,A,D,0,,,Y,,Y,,C,02,1,0,0,0,0,0,0,0,1,"- ","- ",37.771438598632812,-120.26293182373047,TUOLUMNE,UNINCORPORATED,-120.26292419433594,37.771434783935547
92007859,2022,2023-03-02,9425,2022-12-02,0805,018559,,5,1,9,5500,0,1,3,,2,031,"SR-108 E/B","SOULSBYVILLE RD",1056.00,W,N,A,-,Y,TUO,,108,,,7.260,H,,R,Y,1,1,0,1,A,-,08,22107,,N,E,I,A,C,H,-,A,D,0,,,,,Y,,D,22,0,0,0,0,0,0,0,0,0,"- ","- ",37.994640350341797,-120.27105712890625,TUOLUMNE,UNINCORPORATED,-120.27108764648438,37.994697570800781
92007983,2023,2023-03-02,9425,2023-02-18,1631,016886,,6,2,9,5500,0,1,3,,1,044,"STATE ROUTE 132","ZARZAMORA STREET",638.00,W,N,A,-,Y,TUO,,132," ",R,5.598,H,,R,Y,2,0,1,1,A,-,08,22107,,N,E,8,A,A,H,-,A,D,0,,,Y,,Y,,C,02,1,0,0,0,0,0,0,0,1,"- ","- ",37.677268981933594,-120.33583831787109,TUOLUMNE,UNINCORPORATED,-120.33585357666016,37.677280426025391
92013027,2023,2023-03-08,9425,2023-03-02,"230 ",016886,,4,3,9,5500,0,1,3,,1,043,"STATE ROUTE 49","MARSHES FLAT ROAD",9504.00,S,N,A,-,Y,TUO,,49," "," ",3.962,H,,R,Y,2,0,1,1,A,-,08,22107,,N,E,8,A,B,H,-,D,D,0,,,,,Y,,A,01,1,0,0,0,0,0,0,0,0,"- ","- ",37.791179656982422,-120.27873992919922,TUOLUMNE,UNINCORPORATED,-120.27876281738281,37.791172027587891
92019838,2023,2023-03-16,9425,2023-02-11,1925,019287,,6,2,9,5500,0,1,3,,2,031,SR-108,"DRAPER MINE RD",490.00,E,N,A,-,Y,TUO,,108," "," ",6.383,H,,R,Y,2,0,1,1,A,-,01,23152,A,M,F,0,A,A,H,-,D,D,0,,,,,Y,Y,A,01,1,0,0,0,0,0,0,0,0,"- ","- ",37.987331390380859,-120.28462219238281,TUOLUMNE,UNINCORPORATED,-120.28466033935547,37.987384796142578
92030601,2023,2023-03-28,9425,2023-03-26,1845,018559,,7,2,9,5500,0,1,3,,2,031,SR-108,"BALD MTN HELIPORT RD",3168.00,E,N,A,-,Y,TUO,,108," "," ",24.613,H,,R,Y,2,0,3,2,A,-,01,23152,G,N,A,C,A,A,H,-,A,D,0,,,,,Y,Y,A,01,1,1,1,0,0,0,0,0,0,"- ","- ",38.142730712890625,-120.08718109130859,TUOLUMNE,UNINCORPORATED,-120.08718872070312,38.142742156982422
92039387,2023,2023-05-02,9425,2023-03-29,1525,021468,,3,2,9,5500,0,1,3,,1,021,"SR-108 W/B FROM BERGEL ROAD","BERGEL ROAD",0.00,,Y,B,-,N,,,,,,,,,,Y,2,0,1,2,A,-,17,21451,A,N,D,C,A,A,H,-,A,A,0,,,Y,,Y,,A,07,1,0,0,0,0,0,0,0,1,"- ","- ",37.980171203613281,-120.3402099609375,TUOLUMNE,UNINCORPORATED,-120.34627532958984,37.978225708007812
92059115,2023,2023-05-02,9425,2023-04-19,1900,019773,,3,2,9,5500,0,1,3,,2,042,SR-120,"CHERRY LAKE RD",792.00,E,N,A,-,Y,TUO,,120," "," ",47.301,H,,R,N,2,0,1,1,C,-,18,,,N,H,H,A,A,H,-,A,D,0,,,Y,,Y,,-,"- ",1,0,0,0,0,0,0,0,1,"- ","- ",37.824649810791016,-120.00778961181641,TUOLUMNE,UNINCORPORATED,-120.00779724121094,37.824623107910156
92072163,2023,2023-05-18,9425,2023-03-16,"910 ",014853,,4,1,9,5500,0,1,3,,2,011,SR-120,"LA GRANGE ROAD",6864.00,E,N,A,-,Y,TUO,,120," "," ",9.572,H,,R,Y,1,1,1,2,A,-,08,22107,,N,D,C,A,A,H,-,A,D,0,,,,Y,Y,,A,07,0,1,0,0,0,0,0,0,0,"- ","- ",37.862468719482422,-120.51186370849609,TUOLUMNE,UNINCORPORATED,-120.51186370849609,37.862468719482422
92074102,2023,2023-05-22,9425,2023-05-05,2148,021468,,5,2,9,5500,0,3,5,,2,001,"RAWHIDE RD","OMEGA MINE ROAD",1000.00,S,N,B,-,N,,,,,,,,,,Y,2,0,1,1,A,-,01,23152,A,N,E,I,A,A,H,-,D,A,0,,,,,Y,Y,A,01,1,0,0,0,0,0,0,0,0,"- ","- ",37.967670440673828,-120.43968200683594,TUOLUMNE,UNINCORPORATED,-120.44422149658203,37.964218139648438
92090460,2023,2024-06-27,9425,2023-05-11,1708,019287,,4,2,9,5500,0,1,3,,2,031,SR-108,"DRAPER MINE RD",483.00,W,N,A,-,Y,TUO,,108," "," ",6.164,H,,R,Y,1,1,2,3,A,-,01,23152,A,N,C,2,A,A,H,-,A,D,0,,,,,Y,Y,D,22,0,0,2,0,0,0,0,0,0,"- ","- ",37.986141204833984,-120.28787994384766,TUOLUMNE,UNINCORPORATED,-120.28787231445312,37.986122131347656
92102597,2023,2023-06-26,9425,2023-03-30,"300 ",018822,,4,3,9,5500,0,3,5,,2,001,"O'BYRNES FERRY ROAD","OLD O'BYRNES FERRY RD",0.00,,Y,B,C,Y,,,,,,,,,,N,2,0,5,2,A,-,05,21460,A,F,B,C,A,B,H,-,D,A,0,,,,,Y,,A,01,1,2,2,0,0,0,0,0,0,"- ","- ",37.895240783691406,-120.56513214111328,TUOLUMNE,UNINCORPORATED,-120.56517028808594,37.895210266113281
92114172,2023,2023-07-11,9425,2023-07-01,1453,016886,,6,2,9,5500,0,1,3,,1,043,"STATE ROUTE 49","TUOLUMNE/MARIPOSA COUNTY LINE",3432.00,N,N,A,-,Y,TUO,,49," "," ",0.648,H,,R,N,2,0,1,1,A,-,08,22107,,N,E,I,A,A,H,-,A,D,0,,,Y,,Y,,C,02,1,0,0,0,0,0,0,0,1,"- ","- ",37.758399963378906,-120.25103759765625,TUOLUMNE,UNINCORPORATED,-120.25105285644531,37.758380889892578
92116858,2023,2023-07-14,9425,2023-07-04,"730 ",018251,,2,1,9,5500,0,3,5,,2,001,"O'BYRNES FERRY RD","SHOTGUN CREEK RD",4224.00,S,N,A,-,N,,,,,,,,,,N,2,0,1,1,A,-,08,22107,,N,E,I,A,A,H,-,A,D,0,,,,,Y,,A,01,1,0,0,0,0,0,0,0,0,"- ","- ",37.888271331787109,-120.53128814697266,TUOLUMNE,UNINCORPORATED,-120.53195953369141,37.888225555419922
92123147,2023,2023-07-21,9425,2023-04-05,2500,016886,,3,4,9,5500,0,1,3,,2,041,"STATE ROUTE 120","OLD HIGHWAY 120 EAST",330.00,E,N,A,-,Y,TUO,,120," ",R,35.410,H,,R,Y,1,1,0,1,A,-,01,23152,F,N,E,I,A,A,H,-,A,D,0,,,,,Y,,D,22,0,0,0,0,0,0,0,0,0,"- ","- ",37.827999114990234,-120.18971252441406,TUOLUMNE,UNINCORPORATED,-120.18971252441406,37.828022003173828
92130981,2023,2023-07-28,9425,2023-07-23,"620 ",018251,,7,1,9,5500,0,3,5,,1,004,"FERRETTI RD","PINE MOUNTAIN DR",1056.00,S,N,A,-,N,,,,,,,,,,N,2,0,2,1,A,-,08,22107,,N,F,A,A,A,H,-,C,D,0,,,Y,,Y,,C,02,1,1,0,0,0,0,0,0,2,"- ","- ",37.844921112060547,-120.22411346435547,TUOLUMNE,UNINCORPORATED,-120.22396087646484,37.845096588134766
92144375,2023,2023-08-15,9425,2023-08-07,2345,017403,,1,3,9,5500,0,1,3,,2,041,SR-120,"FERRETTI RD. (EAST)",5808.00,E,N,A,-,N,,,,,,,,,,Y,2,0,2,1,A,-,08,22107,,N,E,I,A,A,H,-,D,D,0,,,Y,,Y,,C,02,1,1,0,0,0,0,0,0,2,"- ","- ",37.824539184570312,-120.09021759033203,TUOLUMNE,UNINCORPORATED,-120.09016418457031,37.824577331542969
92145686,2023,2023-08-16,9425,2023-08-07,1534,019918,,1,2,9,5500,0,2,4,,2,034,"TUOLUMNE RD","WOODHAM CARNE RD",900.00,E,N,A,-,N,,,,,,,,,,N,2,0,1,1,A,-,08,22107,,N,E,I,A,A,H,-,A,D,0,,Y,,,Y,,L,04,1,0,0,0,0,0,1,0,0,"- ","- ",37.964370727539062,-120.28189086914062,TUOLUMNE,UNINCORPORATED,-120.28187561035156,37.964279174804688
92168996,2023,2023-09-13,9425,2023-08-20,1029,017822,,7,1,9,5500,0,1,3,,2,022,"STATE ROUTE 49","WILCOX RANCH",0.00,,Y,B,-,Y,TUO,,49," "," ",24.859,H,,R,Y,2,0,1,1,A,-,01,23152,A,N,E,I,A,A,H,-,A,D,0,,,,,Y,Y,A,01,1,0,0,0,0,0,0,0,0,"- ","- ",37.990249633789062,-120.46209716796875,TUOLUMNE,UNINCORPORATED,-120.46212005615234,37.990261077880859
92169021,2023,2023-09-13,9425,2023-09-05,2105,018251,,2,2,9,5500,0,1,3,,2,031,"STATE ROUTE 108","RIDGE TRAIL COURT",192.00,E,N,A,-,Y,TUO,,108," "," ",16.142,H,,R,Y,2,0,5,1,A,-,01,23152,A,N,E,I,A,A,H,-,D,D,0,,,,,Y,Y,A,01,1,3,1,0,0,0,0,0,0,"- ","- ",38.071468353271484,-120.1805419921875,TUOLUMNE,UNINCORPORATED,-120.18048858642578,38.071430206298828
92170119,2023,2023-09-14,9425,2023-06-18,2150,016812,,7,2,9,5500,0,3,5,,2,001,"JACKSONVILLE RD","MAMMOTH MINE RD",476.00,S,N,A,-,N,,,,,,,,,,Y,1,1,0,1,A,-,01,23152,F,N,E,I,A,A,H,-,D,D,0,,,,,Y,,D,22,0,0,0,0,0,0,0,0,0,"- ","- ",37.861080169677734,-120.37879180908203,TUOLUMNE,UNINCORPORATED,-120.37873840332031,37.861103057861328
92198982,2023,2023-10-13,9425,2023-10-03,1550,019489,,2,2,9,5500,0,1,3,,2,013,SR-49,"SIERRA ROCK RD",0.00,,Y,A,-,Y,TUO,,49," "," ",12.139,H,,R,N,2,0,1,1,A,-,08,22107,,N,E,I,A,A,H,-,A,A,0,,,Y,,Y,,C,02,1,0,0,0,0,0,0,0,1,"- ","- ",37.925758361816406,-120.44622802734375,TUOLUMNE,UNINCORPORATED,-120.44638061523438,37.925796508789062
92200081,2023,2023-10-16,9425,2023-10-06,2025,019287,,5,2,9,5500,0,3,5,,2,003,"WOODHAM CARNE RD","VERGUS RD",141.00,N,N,A,-,N,,,,,,,,,,Y,2,0,2,2,A,-,05,21460,A,N,A,C,A,A,H,-,D,D,0,,,Y,,Y,,C,02,1,1,0,0,0,0,0,0,1,"- ","- ",37.949039459228516,-120.27906036376953,TUOLUMNE,UNINCORPORATED,-120.27900695800781,37.948947906494141
92204114,2023,2023-10-19,9425,2023-10-08,"935 ",016540,,7,1,9,5500,0,1,3,,2,031,SR-108,"BONANZA DR",81.00,E,N,A,-,Y,TUO,,108," "," ",16.626,H,,R,Y,2,0,2,2,A,-,05,21460,A,N,A,C,A,A,H,-,A,D,0,,,,,Y,,A,01,1,0,1,0,0,0,0,0,0,"- ","- ",38.074649810791016,-120.17286682128906,TUOLUMNE,UNINCORPORATED,-120.17286682128906,38.07464599609375
92225622,2023,2023-11-01,9425,2023-06-25,"842 ",017403,,7,1,9,5500,0,1,3,,2,041,SR-120,"EAST RIVER RD",750.00,E,N,A,-,Y,TUO,,120," "," ",25.909,H,,R,Y,1,1,0,2,A,-,05,21460,A,N,A,C,A,A,H,-,A,D,0,,,Y,,Y,,C,02,0,0,0,0,0,0,0,1,0,"- ","- ",37.82025146484375,-120.30027770996094,TUOLUMNE,UNINCORPORATED,-120.30027770996094,37.820232391357422
92226777,2023,2023-11-02,9425,2023-10-28,1120,017822,,6,1,9,5500,0,3,5,,2,001,"O'BYRNES FERRY ROAD","PEORIA FLAT RD",0.00,,Y,A,-,N,,,,,,,,,,Y,2,0,1,2,A,-,09,21802,A,N,A,C,A,A,H,-,A,A,0,,,Y,,Y,,D,22,1,0,0,0,0,0,0,0,1,"- ","- ",37.888301849365234,-120.50151824951172,TUOLUMNE,UNINCORPORATED,-120.5015869140625,37.888351440429688
92226807,2023,2023-11-02,9425,2023-06-25,1057,018251,,7,1,9,5500,0,1,3,,2,011,"STATE ROUTE 120 W/B","TULLOCH DAM ROAD",7392.00,E,N,A,-,Y,TUO,,120," ",R,2.639,H,,L,Y,1,1,1,3,A,-,07,21658,A,F,E,9,A,A,H,-,A,D,0,,,,,Y,,A,07,1,0,0,0,0,0,0,0,0,"- ","- ",37.846900939941406,-120.60584259033203,TUOLUMNE,UNINCORPORATED,-120.60585784912109,37.846954345703125
92235486,2023,2023-11-14,9425,2023-11-05,1325,017403,,7,1,9,5500,0,3,5,,1,004,"OLD PRIEST GRADE","PRIEST COULTERVILLE RD",2112.00,W,N,B,C,N,,,,,,,,,,N,2,0,1,1,A,-,08,22107,,N,E,I,A,B,H,-,A,D,0,,,Y,,Y,,C,02,1,0,0,0,0,0,0,0,1,"- ","- ",37.817619323730469,-120.27815246582031,TUOLUMNE,UNINCORPORATED,-120.27744293212891,37.817535400390625
92272721,2023,2024-02-06,9425,2023-12-26,1145,016540,,2,1,9,5500,0,1,3,,1,021,SR-108,"HESS AVENUE",2860.00,W,N,B,-,Y,TUO,,108," ",R,2.883,H,,R,Y,2,0,3,3,A,-,03,22350,,N,C,C,A,A,H,-,A,D,0,,,,,Y,,A,07,1,0,2,0,0,0,0,0,0,"- ","- ",37.978221893310547,-120.34633636474609,TUOLUMNE,UNINCORPORATED,-120.34634399414062,37.978233337402344
92282983,2024,2024-01-09,9425,2024-01-01,1510,018559,,1,2,9,5500,0,2,4,,2,024,"TUOLUMNE RD","TERRACE DR",360.00,W,N,A,-,N,,,,,,,,,,N,2,0,1,2,A,-,00,21760,C,F,B,G,A,A,H,-,A,A,0,,Y,,,Y,,-,99,1,0,0,0,0,0,1,0,0,"- ","- ",37.973899841308594,-120.34403991699219,TUOLUMNE,UNINCORPORATED,-120.34394836425781,37.973915100097656
92305846,2024,2024-02-05,9425,2024-01-23,"100 ",021468,,2,3,9,5500,0,1,3,,2,011,SR-120,"PERRI CONE ROAD",225.00,E,N,E,-,Y,TUO,,120," "," ",14.263,H,,R,Y,2,0,1,1,A,-,01,23152,F,N,E,I,A,B,H,-,D,D,0,,,,,Y,,D,22,1,0,0,0,0,0,0,0,0,"- ","- ",37.880100250244141,-120.45644378662109,TUOLUMNE,UNINCORPORATED,-120.45643615722656,37.880062103271484
92336341,2023,2024-04-30,9425,2023-12-07,2355,021474,,4,3,9,5500,0,1,3,,1,021,SR-108,"SULLIVAN CREEK RD",135.00,W,N,A,-,Y,TUO,,108," ",R,2.799,H,,R,Y,1,1,0,2,A,-,11,21954,A,N,G,B,E,A,H,-,D,D,0,Y,,,,Y,,N,60,0,0,0,1,0,0,0,0,0,"- ","- ",37.978080749511719,-120.34786224365234,TUOLUMNE,UNINCORPORATED,-120.34786224365234,37.978076934814453
92348539,2024,2024-03-27,9425,2024-03-11,1925,018822,,1,2,9,5500,0,2,4,,2,034,"TUOLUMNE RD","SOULSBYVILLE RD",1478.00,W,N,A,-,N,,,,,,,,,,Y,2,0,1,1,A,-,08,22107,,N,F,0,A,A,H,-,D,D,0,,,Y,,Y,,C,02,1,0,0,0,0,0,0,0,1,"- ","- ",37.965999603271484,-120.27472686767578,TUOLUMNE,UNINCORPORATED,-120.27603912353516,37.9656982421875
92359920,2024,2024-04-09,9425,2024-01-26,1610,019773,,5,2,9,5500,0,2,4,,2,034,"TUOLUMNE RD","BLACK OAK RD",0.00,,Y,A,-,N,,,,,,,,,,Y,1,1,1,2,A,-,09,21802,A,N,D,C,A,A,H,-,A,A,0,,,,,Y,,D,22,0,1,0,0,0,0,0,0,0,"- ","- ",37.963150024414062,-120.28450775146484,TUOLUMNE,UNINCORPORATED,-120.28445434570312,37.963096618652344
92365520,2023,2024-06-27,9425,2023-09-24,"340 ",020575,,7,3,9,5500,0,1,3,,2,011,SR-120,"RUSHING HILL LOOKOUT",2640.00,W,N,A,-,Y,TUO,,120," ",R,4.537,H,,R,Y,1,1,1,1,A,-,01,23152,A,N,F,A,A,A,H,-,D,D,0,,,,,Y,,D,22,1,0,0,0,0,0,0,0,0,"- ","- ",37.847270965576172,-120.57173156738281,TUOLUMNE,UNINCORPORATED,-120.57173156738281,37.847236633300781
92390427,2024,2024-05-15,9425,2024-05-08,"950 ",022547,,3,1,9,5500,0,1,3,,2,013,SR-49,"BELL MOONEY RD.",860.00,N,N,A,-,Y,TUO,,49," "," ",13.574,H,,R,Y,2,0,3,3,A,-,03,22350,,N,C,C,A,A,H,-,A,D,0,,,,,Y,,A,01,1,0,2,0,0,0,0,0,0,"- ","- ",37.941699981689453,-120.43186950683594,TUOLUMNE,UNINCORPORATED,-120.431884765625,37.941715240478516
92393029,2024,2024-05-17,9425,2024-05-11,1120,022547,,6,1,9,5500,0,2,4,,2,014,"LA GRANGE ROAD","BONDS FLAT ROAD",11088.00,N,N,A,-,N,,,,,,,,,,Y,2,0,1,1,A,-,08,22107,,N,E,I,A,A,H,-,A,D,0,,,Y,,Y,,C,02,1,0,0,0,0,0,0,0,1,"- ","- ",37.743328094482422,-120.45469665527344,TUOLUMNE,UNINCORPORATED,-120.45527648925781,37.743892669677734
92401583,2024,2024-05-29,9425,2024-05-27,1102,016921,,1,1,9,5500,0,1,3,,2,031,SR108,"SUGARPINE CUT OFF",0.00,,Y,A,-,Y,TUO,,108," "," ",14.450,H,,R,Y,2,0,1,2,A,-,09,21802,A,N,D,2,A,A,H,-,A,A,0,,,Y,,Y,,D,22,1,0,0,0,0,0,0,0,1,"- ","- ",38.060859680175781,-120.19985198974609,TUOLUMNE,UNINCORPORATED,-120.19985198974609,38.060863494873047
92419285,2024,2024-06-20,9425,2024-06-11,1431,016921,,2,2,9,5500,0,1,3,,2,022,SR-49,"MARRYATT MINE RD",7.00,N,N,A,-,Y,TUO,,49," "," ",24.864,H,,R,Y,2,0,1,1,A,-,08,22107,,N,E,8,A,A,H,-,A,D,0,,,,,Y,,A,01,1,0,0,0,0,0,0,0,0,"- ","- ",37.990150451660156,-120.46208190917969,TUOLUMNE,UNINCORPORATED,-120.46217346191406,37.990200042724609
92427178,2024,2024-07-01,9425,2024-06-19,"46  ",021468,,3,3,9,5500,0,3,5,,2,003,"TUOLUMNE ROAD NORTH","MARANATHA RD",528.00,S,N,A,-,N,,,,,,,,,,Y,2,0,2,2,A,-,05,21460,A,N,A,C,A,A,H,-,D,D,0,,,,,Y,,D,22,1,1,0,0,0,0,0,0,0,"- ","- ",37.995410919189453,-120.23692321777344,TUOLUMNE,UNINCORPORATED,-120.23694610595703,37.995540618896484
92427187,2024,2024-07-01,9425,2024-06-21,1120,019287,,5,1,9,5500,0,1,3,,2,032,SR-108,"KENNEDY MEADOW RD",177.00,E,N,A,-,Y,TUO,,108," "," ",57.888,H,,R,Y,2,0,1,1,A,-,03,22350,,N,F,A,A,A,H,-,A,A,0,,,Y,,Y,,C,02,1,0,0,0,0,0,0,0,1,"- ","- ",38.325031280517578,-119.75228881835938,TUOLUMNE,UNINCORPORATED,-119.75233459472656,38.324996948242188
93767373,2024,2024-08-06,9425,2024-07-10,1742,022547,,3,2,9,5500,0,3,5,,2,003,"MONO WAY","HAYSTACK RD.",312.00,W,N,A,-,N,,,,,,,,,,Y,2,0,2,1,A,-,01,23152,G,N,E,I,A,A,H,-,A,D,0,,,,,Y,Y,A,01,2,0,0,0,0,0,0,0,0,"- ","- ",37.984630584716797,-120.30027770996094,TUOLUMNE,UNINCORPORATED,-120.30062866210938,37.984683990478516
9380912,2021,2022-03-08,5501,2021-06-18,0747,MP1,5501,5,5,2,5501,0,0,0,,0,001,"BULWER ST","MAPLE ST",48.00,E,N,A,-,N,,,,,,,,,,Y,2,0,1,2,C,-,18,,,N,E,I,A,A,H,-,A,D,0,,,,,Y,,-,"- ",1,0,0,0,0,0,0,0,0,"- ","- ",,,TUOLUMNE,SONORA,-120.38064575195312,37.976245880126953
94356993,2024,2024-08-16,9425,2024-06-06,1415,019773,,4,2,9,5500,0,1,3,,2,032,"STATE ROUTE 108","CLARKS FORK RD",962.00,E,N,A,-,Y,TUO,,108," "," ",49.511,H,,R,Y,1,1,0,1,A,-,08,22107,,N,E,8,A,A,H,-,A,A,0,,,Y,,Y,,C,02,0,0,0,0,0,0,0,1,0,"- ","- ",38.356220245361328,-119.87416076660156,TUOLUMNE,UNINCORPORATED,-119.87423706054688,38.356266021728516
94374188,2024,2024-08-28,9425,2024-08-18,1150,016921,,7,1,9,5500,0,1,3,,2,031,SR-108,"TWAIN HARTE DRIVE",1056.00,W,N,A,-,Y,TUO,,108," ",R,11.562,H,,R,Y,2,0,2,2,A,-,05,21460,A,N,B,C,A,A,H,-,A,D,0,,,,,Y,Y,A,07,1,1,0,0,0,0,0,0,0,"- ","- ",38.038150787353516,-120.22091674804688,TUOLUMNE,UNINCORPORATED,-120.22090911865234,38.038124084472656
94393763,2024,2024-09-13,9425,2024-08-30,1335,016886,,5,1,9,5500,0,3,5,,1,004,"FERRETTI ROAD","PINE MOUNTAIN DRIVE NORTH",528.00,W,N,A,-,N,,,,,,,,,,Y,2,0,2,2,A,-,01,23152,A,N,A,C,A,A,H,-,A,D,0,,,,,Y,Y,A,01,2,0,0,0,0,0,0,0,0,"- ","- ",37.860729217529297,-120.19113922119141,TUOLUMNE,UNINCORPORATED,-120.22238159179688,37.845752716064453