CASE_ID,ACCIDENT_YEAR,PROC_DATE,JURIS,COLLISION_DATE,COLLISION_TIME,OFFICER_ID,REPORTING_DISTRICT,DAY_OF_WEEK,CHP_SHIFT,POPULATION,CNTY_CITY_LOC,SPECIAL_COND,BEAT_TYPE,CHP_BEAT_TYPE,CITY_DIVISION_LAPD,CHP_BEAT_CLASS,BEAT_NUMBER,PRIMARY_RD,SECONDARY_RD,DISTANCE,DIRECTION,INTERSECTION,WEATHER_1,WEATHER_2,STATE_HWY_IND,CALTRANS_COUNTY,CALTRANS_DISTRICT,STATE_ROUTE,ROUTE_SUFFIX,POSTMILE_PREFIX,POSTMILE,LOCATION_TYPE,RAMP_INTERSECTION,SIDE_OF_HWY,TOW_AWAY,COLLISION_SEVERITY,NUMBER_KILLED,NUMBER_INJURED,PARTY_COUNT,PRIMARY_COLL_FACTOR,PCF_CODE_OF_VIOL,PCF_VIOL_CATEGORY,PCF_VIOLATION,PCF_VIOL_SUBSECTION,HIT_AND_RUN,TYPE_OF_COLLISION,MVIW,PED_ACTION,ROAD_SURFACE,ROAD_COND_1,ROAD_COND_2,LIGHTING,CONTROL_DEVICE,CHP_ROAD_TYPE,PEDESTRIAN_ACCIDENT,BICYCLE_ACCIDENT,MOTORCYCLE_ACCIDENT,TRUCK_ACCIDENT,NOT_PRIVATE_PROPERTY,ALCOHOL_INVOLVED,STWD_VEHTYPE_AT_FAULT,CHP_VEHTYPE_AT_FAULT,COUNT_SEVERE_INJ,COUNT_VISIBLE_INJ,COUNT_COMPLAINT_PAIN,COUNT_PED_KILLED,COUNT_PED_INJURED,COUNT_BICYCLIST_KILLED,COUNT_BICYCLIST_INJURED,COUNT_MC_KILLED,COUNT_MC_INJURED,PRIMARY_RAMP,SECONDARY_RAMP,LATITUDE,LONGITUDE,COUNTY,CITY,POINT_X,POINT_Y
94399192,2024,2024-09-18,9425,2024-09-06,2000,021474,,5,2,9,5500,0,3,5,,2,003,"TUOLUMNE RD N","MARANATHA RD",440.00,S,N,A,-,N,,,,,,,,,,Y,2,0,1,1,A,-,08,22107,,N,E,I,A,A,H,-,D,D,0,,,Y,,Y,,C,02,1,0,0,0,0,0,0,0,1,"- ","- ",37.995761871337891,-120.23699951171875,TUOLUMNE,UNINCORPORATED,-120.23703002929688,37.995773315429688
94421895,2024,2024-10-07,9425,2024-09-21,1725,021468,,6,2,9,5500,0,1,3,,2,011,"SR-120 W/B","TWO MILE BAR ROAD",2112.00,E,N,A,-,Y,TUO,,120," ",R,0.902,H,,L,Y,2,0,1,1,A,-,08,22107,,N,F,A,A,A,H,-,A,D,0,,,Y,,Y,,C,02,1,0,0,0,0,0,0,0,1,"- ","- ",37.832988739013672,-120.62906646728516,TUOLUMNE,UNINCORPORATED,-120.62914276123047,37.833034515380859
94421908,2024,2024-10-07,9425,2024-08-09,"725 ",019773,,5,1,9,5500,0,1,3,,2,011,"STATE ROUTE 120","LA GRANGE RD",5280.00,E,N,A,-,Y,TUO,,120," "," ",9.284,H,,R,Y,1,1,2,2,A,-,01,23152,F,N,A,C,A,A,H,-,A,D,0,,,,Y,Y,,A,01,2,0,0,0,0,0,0,0,0,"- ","- ",37.858299255371094,-120.51194000244141,TUOLUMNE,UNINCORPORATED,-120.51191711425781,37.858303070068359
94425961,2024,2024-10-10,9425,2024-10-02,1010,019489,,3,1,9,5500,0,1,3,,2,011,"SR120 E/B","TULLOCH DAM RD",7920.00,E,N,A,-,Y,TUO,,120," ",R,2.930,H,,R,Y,2,0,2,1,A,-,08,22107,,N,E,I,A,A,H,-,A,D,0,,,,,Y,,A,07,1,0,1,0,0,0,0,0,0,"- ","- ",37.847911834716797,-120.59993743896484,TUOLUMNE,UNINCORPORATED,-120.59992218017578,37.847885131835938
94490702,2024,2024-12-03,9425,2024-12-02,"934 ",019918,,1,1,9,5500,0,3,5,,2,002,"GREENLEY RD","GUZZI LANE",124.00,N,N,A,-,N,,,,,,,,,,Y,2,0,2,1,A,-,08,22107,,N,E,8,A,A,H,-,A,D,0,,,,,Y,,A,01,1,0,1,0,0,0,0,0,0,"- ","- ",37.97705078125,-120.36982727050781,TUOLUMNE,UNINCORPORATED,-120.36968994140625,37.977012634277344
94510811,2024,2024-12-19,9425,2024-04-25,"838 ",019489,,4,1,9,5500,0,1,3,,2,041,SR120,"OLD PRIEST GRADE",145.00,W,N,A,-,Y,TUO,,120," ",T,24.616,H,,R,Y,1,1,0,1,A,-,03,22350,,N,H,A,A,A,H,-,A,A,0,,,,,Y,,D,22,0,0,0,0,0,0,0,0,0,"- ","- ",37.814491271972656,-120.29898834228516,TUOLUMNE,UNINCORPORATED,-120.29901885986328,37.81451416015625
94515454,2024,2025-01-10,9425,2024-12-05,2045,022579,,4,2,9,5500,0,1,3,,2,031,SR-108,"N. SUNSHINE RD.",125.00,W,N,A,-,N,,,,,,,,,,Y,2,0,3,2,A,-,01,23152,G,F,A,C,A,A,H,-,C,D,0,,,,,Y,Y,D,22,1,0,2,0,0,0,0,0,0,"- ","- ",37.991481781005859,-120.27734375,TUOLUMNE,UNINCORPORATED,-120.27745819091797,37.991489410400391
94524694,2024,2025-06-23,9425,2024-12-06,1800,022784,,5,2,9,5500,0,1,3,,2,031,SR-108,"SUNSHINE RD",0.00,,Y,A,-,Y,TUO,,108," "," ",6.861,H,,R,Y,2,0,2,2,A,-,09,21801,A,N,D,C,A,A,H,-,C,A,0,,,,,Y,,A,07,1,0,1,0,0,0,0,0,0,"- ","- ",37.991691589355469,-120.27707672119141,TUOLUMNE,UNINCORPORATED,-120.27695465087891,37.991512298583984
94525048,2024,2025-01-03,9425,2024-12-31,1720,020575,,2,2,9,5500,0,1,3,,1,021,SR-108,"OLD WARDS FERRY RD",180.00,E,N,A,-,Y,TUO,,108," ",R,1.600,H,,R,Y,2,0,2,2,A,-,01,23152,A,N,C,C,A,A,H,-,A,D,0,,,,Y,Y,Y,A,01,1,0,1,0,0,0,0,0,0,"- ","- ",37.970668792724609,-120.36646270751953,TUOLUMNE,UNINCORPORATED,-120.36647033691406,37.970706939697266
94525131,2024,2025-01-03,9425,2024-12-21,1315,022429,,6,1,9,5500,0,2,S,,2,904,"FOREST ROUTE 3N03","AVERY RANCH CAMP NINE",9504.00,S,N,A,-,N,,,,,,,,,,N,2,0,1,1,A,-,03,22350,,N,E,I,A,A,E,-,A,D,0,,,Y,,Y,,C,02,1,0,0,0,0,0,0,0,1,"- ","- ",38.122440338134766,-120.37866973876953,TUOLUMNE,UNINCORPORATED,-120.37994384765625,38.121086120605469
94545611,2025,2025-01-22,9425,2025-01-09,2037,022579,,4,2,9,5500,0,2,4,,2,034,"TUOLUMNE RD.","CHEROKEE RD",1320.00,E,N,A,-,N,,,,,,,,,,Y,2,0,1,1,A,-,01,23152,A,N,F,A,A,A,H,-,C,D,0,,,,,Y,Y,A,01,1,0,0,0,0,0,0,0,0,"- ","- ",37.962799072265625,-120.26091766357422,TUOLUMNE,UNINCORPORATED,-120.26148223876953,37.962680816650391
94583890,2025,2025-02-19,9425,2025-02-05,1652,016812,,3,2,9,5500,0,1,3,,2,031,SR-108,"LEISURE DR",1056.00,W,N,B,-,Y,TUO,,108," "," ",13.603,H,,R,N,2,0,1,1,A,-,01,23152,A,F,E,I,A,B,H,-,A,D,0,,,,,Y,Y,A,01,1,0,0,0,0,0,0,0,0,"- ","- ",38.049091339111328,-120.20298004150391,TUOLUMNE,UNINCORPORATED,-120.20291137695312,38.049068450927734
94604217,2025,2025-03-18,9425,2025-03-11,"827 ",018671,,2,1,9,5500,0,1,3,,2,011,"SR-120 W/B","TULLOCH DAM ROAD",1875.00,E,N,A,-,Y,TUO,,120," ",R,2.320,H,,L,Y,2,0,1,1,A,-,08,22107,,N,E,I,A,A,H,-,A,D,0,,,,,Y,,-,"- ",1,0,0,0,0,0,0,0,0,"- ","- ",37.846538543701172,-120.61161041259766,TUOLUMNE,UNINCORPORATED,-120.61164093017578,37.846611022949219
94613558,2025,2025-03-24,9425,2025-03-12,1740,017403,,3,2,9,5500,0,3,5,,1,004,"FERRETTI RD","PINE MOUNTAIN DR",1056.00,N,N,B,C,N,,,,,,,,,,Y,2,0,1,1,A,-,08,22107,,N,E,I,A,B,H,-,A,D,0,,,,,Y,,A,01,1,0,0,0,0,0,0,0,0,"- ","- ",37.849418640136719,-120.22295379638672,TUOLUMNE,UNINCORPORATED,-120.22273254394531,37.849117279052734
94641909,2025,2025-04-08,9425,2025-04-03,2500,021474,,4,4,9,5500,0,3,5,,2,003,"FORREST ROUTE 3N03","ITALIAN BAR RD",2.00,E,N,A,-,N,,,,,,,,,,N,2,0,2,1,A,-,01,23152,A,N,F,A,A,D,H,-,A,D,0,,,,,Y,Y,A,42,1,1,0,0,0,0,0,0,0,"- ","- ",38.089061737060547,-120.34864044189453,TUOLUMNE,UNINCORPORATED,,
94656874,2025,2025-04-21,9425,2025-03-31,2031,022545,,1,2,9,5500,0,1,3,,2,031,SR-108,"LYONS CREEK RD",36.00,W,N,D,-,Y,TUO,,108," ",R,17.270,H,,R,Y,2,0,2,1,A,-,03,22350,,N,E,I,A,C,H,-,D,D,0,,,,,Y,,-,"- ",1,1,0,0,0,0,0,0,0,"- ","- ",38.090938568115234,-120.14845275878906,TUOLUMNE,UNINCORPORATED,-120.14842987060547,38.090892791748047
94656966,2025,2025-04-21,9425,2025-04-12,1030,016886,,6,1,9,5500,0,3,5,,1,004,"PRIEST COULTERVILLE ROAD","STATE ROUTE 120",7656.00,S,N,A,-,N,,,,,,,,,,N,2,0,1,1,A,-,08,22107,,N,F,A,A,A,H,-,A,A,0,,Y,,,Y,,L,04,1,0,0,0,0,0,1,0,0,"- ","- ",37.801898956298828,-120.25541687011719,TUOLUMNE,UNINCORPORATED,-120.25640106201172,37.802310943603516
94662449,2025,2025-04-24,9425,2025-04-19,1100,016886,,6,1,9,5500,0,1,3,,1,043,"STATE ROUTE 49","MARSHES FLAT ROAD",3168.00,S,N,A,-,Y,TUO,,49," "," ",5.087,H,,R,Y,2,0,1,1,A,-,08,22107,,N,E,8,A,A,H,-,A,D,0,,,Y,,Y,,-,"- ",1,0,0,0,0,0,0,0,1,"- ","- ",37.803119659423828,-120.29241180419922,TUOLUMNE,UNINCORPORATED,-120.29241943359375,37.803112030029297
94702130,2025,2025-05-27,9425,2025-05-08,1803,021468,,4,2,9,5500,0,1,3,,2,013,SR-49,"W. MAIN STREET",528.00,N,N,A,-,Y,TUO,,49," "," ",14.452,H,,R,Y,1,1,0,2,A,-,09,21804,A,N,D,C,A,A,H,-,A,D,0,,,Y,,Y,,C,02,0,0,0,0,0,0,0,1,0,"- ","- ",37.952129364013672,-120.42469787597656,TUOLUMNE,UNINCORPORATED,-120.42469787597656,37.952129364013672
94703741,2025,2025-05-28,9425,2025-04-29,1020,018821,,2,1,9,5500,0,1,3,,2,011,SR-120,"SIMS RD",2640.00,W,N,A,-,Y,TUO,,120," "," ",14.256,H,,R,Y,1,1,0,1,A,-,08,22107,,N,E,8,A,A,H,-,A,D,0,,,Y,,Y,,C,02,0,0,0,0,0,0,0,1,0,"- ","- ",37.880119323730469,-120.45657348632812,TUOLUMNE,UNINCORPORATED,-120.45655822753906,37.880050659179688
94754983,2025,2025-07-09,9425,2025-06-26,1530,019918,,4,2,9,5500,0,1,3,,2,032,SR-108,"KENNEDY MEADOW RD",26400.00,E,N,A,-,Y,TUO,,108," "," ",62.869,H,,R,Y,2,0,4,1,A,-,03,22350,,N,E,8,A,A,H,-,A,D,0,,,,,Y,,A,08,1,3,0,0,0,0,0,0,0,"- ","- ",38.324798583984375,-119.68395233154297,TUOLUMNE,UNINCORPORATED,-119.68393707275391,38.3248291015625
94781640,2025,2025-07-29,9425,2025-06-30,1725,020575,,1,2,9,5500,0,1,3,,2,013,SR-49,"CHICKEN RANCH ROAD",400.00,S,N,A,-,Y,TUO,,49," "," ",12.732,H,,R,Y,1,1,1,2,A,-,05,21460,A,N,A,C,A,A,H,-,A,D,0,,,,,Y,,D,22,1,0,0,0,0,0,0,0,0,"- ","- ",37.934009552001953,-120.44393920898438,TUOLUMNE,UNINCORPORATED,-120.44397735595703,37.93402099609375
9726803,2023,2024-10-21,5501,2023-04-19,"758 ",MP1,5501,3,5,2,5501,0,0,0,,0,001,"RT 49","BRADFORD ST",64.00,W,N,A,-,Y,TUO,10,49,-,-,17.700,H,-,N,Y,2,0,1,2,A,-,08,22102,,N,D,C,A,A,H,-,A,D,0,,,,,Y,,A,01,1,0,0,0,0,0,0,0,0,"- ","- ",37.982089996337891,-120.38800048828125,TUOLUMNE,SONORA,-120.3870849609375,37.982151031494141
6290199,2014,2014-03-28,9425,2014-02-06,2056,18965,,4,2,9,5500,0,3,5,,2,001,"RAWHIDE RD","BOSTWICK RD",528.00,N,N,B,-,N,,,,,,,,,,Y,1,1,2,3,A,-,05,21460,A,N,A,C,A,B,H,-,D,A,0,,,,,Y,,A,01,1,1,0,0,0,0,0,0,0,"- ","- ",37.97289,-120.44972,TUOLUMNE,UNINCORPORATED,-120.44441911,37.978819350000002
6290394,2014,2014-05-15,9425,2014-04-05,1435,18822,,6,2,9,5500,0,1,3,,2,022,"RT 49","FLUME RD",133.00,N,N,A,-,Y,TUO,10,49,-,R,22.550,H,-,N,Y,1,1,1,1,A,-,01,23152,A,N,E,I,A,A,H,-,A,D,0,,,,,Y,Y,A,01,0,1,0,0,0,0,0,0,0,"- ","- ",38.00179,-120.42852000000001,TUOLUMNE,UNINCORPORATED,-120.42855672,38.001954300000001
6290558,2014,2014-05-23,9425,2014-03-28,1520,17182,,5,2,9,5500,0,1,3,,2,041,"RT 120","OLD HIGHWAY 120",2640.00,E,N,A,-,Y,TUO,10,120,-,R,34.070,H,-,W,Y,1,1,2,2,A,-,05,21460,C,N,A,C,A,A,H,-,A,D,5,,,,,Y,,A,01,2,0,0,0,0,0,0,0,0,"- ","- ",37.828919999999997,-120.1845,TUOLUMNE,UNINCORPORATED,-120.20855936,37.838849609999997
6291344,2014,2015-12-30,9425,2014-07-26,1050,17461,,6,1,9,5500,0,1,3,,2,041,"RT 120","GROVELAND RANGER STATION RD",130.00,W,N,A,-,Y,TUO,10,120,-,R,40.590,H,-,W,Y,1,1,2,2,A,-,08,22107,,N,A,C,A,A,H,-,A,D,5,,,,,Y,,A,01,0,0,2,0,0,0,0,0,0,"- ","- ",37.821339999999999,-120.10276,TUOLUMNE,UNINCORPORATED,-120.10296113,37.821340470000003
6292376,2015,2015-07-15,5501,2015-03-07,2005,JM5,5501,6,5,2,5501,0,0,0,,0,002,"RT 49","S FOREST RD",0.00,,Y,A,-,Y,TUO,10,49,-,-,17.481,I,5,S,N,1,1,0,2,A,-,11,21954,A,N,G,B,D,A,H,-,D,D,0,Y,,,,Y,,N,60,0,0,0,1,0,0,0,0,0,"- ","- ",,,TUOLUMNE,SONORA,-120.43474847,37.8748766
6292810,2015,2016-02-24,9425,2015-08-07,1150,18644,,5,1,9,5500,0,1,3,,2,031,"RT 108","BALD MTN HELIPORT RD",1202.00,E,N,A,-,Y,TUO,10,108,-,-,24.210,H,-,W,Y,1,2,0,1,A,-,08,22107,,N,E,I,A,A,H,-,A,D,0,,,,,Y,,A,01,0,0,0,0,0,0,0,0,0,"- ","- ",38.13841,-120.09072999999999,TUOLUMNE,UNINCORPORATED,-120.09085807,38.137792300000001
6537343,2014,2016-04-11,9425,2014-06-08,1415,018544,,7,2,9,5500,0,1,3,,2,031,"RT 108","TUOLUMNE RD",2640.00,E,N,A,-,Y,TUO,10,108,-,-,12.880,H,-,E,Y,2,0,4,1,A,-,01,23152,E,N,E,I,A,A,H,-,A,D,0,,,,,Y,,A,07,1,3,0,0,0,0,0,0,0,"- ","- ",,,TUOLUMNE,UNINCORPORATED,-120.20993038,38.044864560000001
6622169,2014,2016-01-15,9425,2014-08-23,1700,019785,,6,2,9,5500,0,3,5,,2,003,"BEARDSLEY RESERVOIR RD","RT 108",15840.00,N,N,A,-,N,,,,,,,,,,N,2,0,1,1,A,-,08,22107,,M,F,A,A,A,H,-,A,D,0,,,Y,,Y,,C,02,1,0,0,0,0,0,0,0,1,"- ","- ",38.320010000000003,-119.94208,TUOLUMNE,UNINCORPORATED,-120.03209688,38.205419130000003
6635491,2014,2016-04-29,9425,2014-09-22,1940,018559,,1,2,9,5500,0,1,3,,2,013,"RT 108","5TH AV",75.00,E,N,A,-,Y,TUO,10,49,-,-,15.040,H,-,S,N,2,0,1,2,A,-,11,21956,,N,G,B,E,A,H,-,C,D,0,Y,,,,Y,,N,60,1,0,0,0,1,0,0,0,0,"- ","- ",37.958379999999998,-120.41809000000001,TUOLUMNE,UNINCORPORATED,-120.43474806,37.874854810000002
6701989,2014,2014-12-09,9425,2014-10-17,0750,019287,,5,1,9,5500,0,3,5,,2,001,"OLD WARDS FERRY RD","JACOBS RD",397.00,S,N,A,-,N,,,,,,,,,,Y,2,0,1,1,A,-,03,22350,,N,F,A,A,A,H,-,A,D,0,,,,,Y,,A,07,1,0,0,0,0,0,0,0,0,"- ","- ",37.954439999999998,-120.35574,TUOLUMNE,UNINCORPORATED,-120.35571364,37.954498780000002
6876300,2015,2015-06-17,9425,2015-04-13,1955,016812,,1,2,9,5500,0,3,5,,2,003,"SOUTH FORK RD","SUNNYBROOK DR",630.00,N,N,A,-,N,,,,,,,,,,Y,2,0,1,1,A,-,01,23152,A,N,E,I,A,A,H,-,D,D,0,,,,,Y,Y,D,22,1,0,0,0,0,0,0,0,0,"- ","- ",,,TUOLUMNE,UNINCORPORATED,-120.25008652,38.03710864
6878363,2015,2015-04-15,9425,2015-03-14,1600,017182,,6,2,9,5500,0,3,5,,2,003,"TUOLUMNE RD N","TUOLUMNE RD",60.00,N,N,A,-,N,,,,,,,,,,N,2,0,1,2,A,-,01,23152,E,N,F,A,A,A,H,-,A,D,0,,,Y,,Y,,A,01,1,0,0,0,0,0,0,0,1,"- ","- ",37.964759999999998,-120.23565000000001,TUOLUMNE,UNINCORPORATED,-120.23952719,37.965627410000003
6893169,2015,2016-11-19,9425,2015-04-14,2310,011813,,2,3,9,5500,0,1,3,,2,041,"RT 120","PRIEST COULTERVILLE RD",1584.00,E,N,A,-,Y,TUO,10,120,-,-,29.490,H,-,W,Y,2,0,1,1,A,-,01,23152,A,N,E,I,A,A,H,-,D,D,5,,,,,Y,Y,D,22,1,0,0,0,0,0,0,0,0,"- ","- ",37.817039999999999,-120.26828,TUOLUMNE,UNINCORPORATED,-120.26914102000001,37.815650230000003
6930975,2015,2015-06-17,5501,2015-01-26,0359,BN1,5501,1,5,2,5501,0,0,0,,0,001,"SNELL ST","SPRING HILL RD",133.00,N,N,A,-,N,,,,,,,,,,Y,2,0,1,1,A,-,05,21650,,N,E,I,A,A,H,-,D,D,0,,,,,Y,,A,01,1,0,0,0,0,0,0,0,0,"- ","- ",37.991100000000003,-120.39296,TUOLUMNE,SONORA,-120.39262309,37.990887630000003
6962228,2015,2015-06-25,9425,2015-05-30,1835,018965,,6,2,9,5500,0,3,5,,2,003,"CREEKSIDE DR","CRYSTAL FALLS DR W",43.00,S,N,A,-,N,,,,,,,,,,N,2,0,1,1,A,-,01,23152,A,N,F,A,A,A,H,-,A,A,0,,,Y,,Y,Y,C,02,1,0,0,0,0,0,0,0,1,"- ","- ",38.016280000000002,-120.2723,TUOLUMNE,UNINCORPORATED,-120.27234799999999,38.016214669999997
6968722,2015,2015-07-14,9425,2015-06-12,2355,19297,,5,3,9,5500,0,3,5,,2,003,"CRYSTAL FALLS DR","RUSSIAN RIVER DR",15.00,S,N,A,-,N,,,,,,,,,,N,2,0,1,1,C,-,18,,,N,H,H,A,A,H,-,D,D,0,,,Y,,Y,,-,"- ",1,0,0,0,0,0,0,0,1,"- ","- ",38.020220000000002,-120.26961,TUOLUMNE,UNINCORPORATED,-120.26961439999999,38.020179059999997
7137748,2015,2015-12-21,5501,2015-07-16,1929,JB2,5501,4,5,2,5501,0,0,0,,0,002,"MONO WY","ROGERS RD",0.00,,Y,A,-,N,,,,,,,,,,N,2,0,2,3,A,-,11,21954,A,N,G,B,D,A,H,-,A,D,0,Y,,,,Y,,N,60,1,0,1,0,2,0,0,0,0,"- ","- ",,,TUOLUMNE,SONORA,-120.36457992,37.975899980000001
7137816,2015,2015-12-18,5501,2015-08-01,1524,JB2,5501,6,5,2,5501,0,0,0,,0,001,"GOLD ST","WRIGHT LN",13.00,E,N,A,-,N,,,,,,,,,,N,2,0,1,2,A,-,09,21804,A,N,H,G,A,A,H,-,A,D,0,,Y,,,Y,,A,01,1,0,0,0,0,0,1,0,0,"- ","- ",37.982480000000002,-120.38008000000001,TUOLUMNE,SONORA,-120.38013662,37.981269740000002
8282083,2016,2017-01-20,5501,2016-10-28,0145,NK1,5501,5,5,2,5501,0,0,0,,0,002,"STEWART ST","LINOBERG ST",100.00,S,N,C,-,N,,,,,,,,,,N,2,0,1,2,A,-,10,21954,B,F,G,B,D,B,H,-,C,D,0,Y,,,,Y,Y,A,01,1,0,0,0,1,0,0,0,0,"- ","- ",37.984160000000003,-120.38209999999999,TUOLUMNE,SONORA,-120.38189595,37.984166799999997
8465717,2018,2019-04-02,5501,2018-07-10,2324,BN1,5501,2,5,2,5501,0,0,0,,0,001,"MONO WY","TRUCKENMILLER RD",170.00,W,N,A,-,N,,,,,,,,,,N,1,1,0,2,A,-,11,21956,B,N,G,B,E,A,H,-,C,D,0,Y,,,,Y,Y,N,60,0,0,0,1,0,0,0,0,0,"- ","- ",37.975849151611328,-120.37661743164062,TUOLUMNE,SONORA,-120.37673950195312,37.975337982177734
8543502,2017,2018-06-11,5501,2017-09-12,1955,BN1,5501,2,5,2,5501,0,0,0,,0,001,"RT 49","JACKSON ST",0.00,,Y,A,-,Y,TUO,10,49,-,-,18.170,H,-,N,N,2,0,2,3,A,-,10,21950,A,N,G,B,B,A,H,-,C,D,0,Y,,,,Y,,A,07,2,0,0,0,2,0,0,0,0,"- ","- ",37.985399999999998,-120.38339000000001,TUOLUMNE,SONORA,-120.43475099,37.874882479999997
8795733,2018,2019-02-13,5501,2018-08-16,0928,EW1,5501,4,5,2,5501,0,0,0,,0,001,"MONO WY","GREENLEY RD",793.00,E,N,A,-,N,,,,,,,,,,Y,2,0,1,2,A,-,09,21801,A,N,A,C,A,A,H,-,A,D,0,,,Y,,Y,,D,82,1,0,0,0,0,0,0,0,1,"- ","- ",37.975788116455078,-120.36611175537109,TUOLUMNE,SONORA,-120.36619567871094,37.975902557373047
90023163,2015,2016-09-20,9425,2015-08-09,1715,012786,,7,2,9,5500,0,1,3,,1,044,SR-132,"BONDS FLAT RD",422.00,E,N,A,-,Y,,,,,,,,,,Y,1,1,3,1,A,-,01,23152,A,N,E,I,A,A,H,-,A,D,0,,,,,Y,Y,A,07,3,0,0,0,0,0,0,0,0,"- ","- ",36.678109999999997,-120.35192000000001,TUOLUMNE,UNINCORPORATED,-120.36046511000001,37.679410840000003
90046612,2015,2015-11-09,9425,2015-10-30,1540,018559,,5,2,9,5500,0,1,3,,2,011,"SR-120 W/B","O'BYRNES FERRY RD.",2112.00,W,N,A,-,Y,,,120,,,,,,W,Y,2,0,2,1,A,-,01,23152,A,N,E,J,A,A,H,-,A,D,0,,,,,Y,Y,A,01,1,1,0,0,0,0,0,0,0,"- ","- ",37.879710000000003,-120.50644,TUOLUMNE,UNINCORPORATED,-120.5063414,37.879667259999998
90079226,2015,2015-12-21,9425,2015-12-13,0825,017058,,7,1,9,5500,0,3,5,,2,003,"TUOLUMNE ROAD NORTH","S. KNOX DRIVE",1056.00,N,N,B,-,N,,,,,,,,,,Y,2,0,2,1,A,-,08,22107,,N,F,I,A,A,H,-,A,D,0,,,,,Y,,A,01,1,1,0,0,0,0,0,0,0,"- ","- ",38.009320000000002,-120.23061,TUOLUMNE,UNINCORPORATED,-120.23157566,38.008942269999999
90102324,2016,2016-01-26,9425,2016-01-15,2205,018644,,5,3,9,5500,0,3,5,,2,002,"GREENLEY ROAD","DELNERO DRIVE",1584.00,N,N,B,-,N,,,,,,,,,,Y,2,0,3,1,A,-,01,23152,A,N,E,I,A,A,H,-,D,D,0,,,,,Y,Y,A,01,1,1,1,0,0,0,0,0,0,"- ","- ",37.982599999999998,-120.36779,TUOLUMNE,UNINCORPORATED,-120.36783822,37.98240122
90121400,2016,2016-02-23,9425,2016-01-19,1831,017403,,2,2,9,5500,0,1,3,,1,044,SR-132,"MERCED FALLS RD.",0.00,,Y,B,-,Y,,,,,,,,,,Y,2,0,2,1,A,-,01,23152,E,N,E,I,A,B,H,-,D,D,0,,,,,Y,Y,A,01,2,0,0,0,0,0,0,0,0,"- ","- ",,,TUOLUMNE,UNINCORPORATED,-120.33056986,37.688759930000003
90121458,2016,2016-02-23,9425,2016-02-03,1545,019287,,3,2,9,5500,0,1,3,,2,031,SR-108,"MONO VISTA RD",0.00,,Y,B,-,Y,,,108,,,,,,,Y,2,0,2,2,A,-,09,21801,A,N,D,C,A,A,H,-,A,D,0,,,,,Y,,A,07,1,0,1,0,0,0,0,0,0,"- ","- ",37.991630000000001,-120.27712,TUOLUMNE,UNINCORPORATED,-120.27713654,37.991667479999997
90185217,2016,2016-05-23,9425,2016-05-17,1450,019287,,2,2,9,5500,0,1,3,,1,021,"SR-108 FROM PHOENIX LAKE RD","PHOENIX LAKE RD",300.00,W,N,A,-,Y,,,108,,,,R,,,Y,2,0,1,1,A,-,08,22107,,N,E,I,A,A,H,-,A,D,0,,,Y,,Y,,C,02,1,0,0,0,0,0,0,0,1,"- ","- ",37.979489999999998,-120.34047,TUOLUMNE,UNINCORPORATED,-120.34047,37.979489999999998
90203173,2016,2016-06-16,9425,2016-06-04,1205,018251,,6,1,9,5500,0,2,4,,2,034,"TUOLUMNE RD","EAST MORRIS ROAD",660.00,W,N,B,-,N,,,,,,,,,,Y,2,0,3,2,A,-,03,22350,,N,C,C,A,A,H,-,A,D,0,,,Y,,Y,,A,07,2,1,0,0,0,0,0,0,2,"- ","- ",37.963239999999999,-120.28898,TUOLUMNE,UNINCORPORATED,-120.29649408,37.959216099999999
90220080,2016,2016-07-11,9425,2016-06-23,1620,018965,,4,2,9,5500,0,1,3,,2,011,SR-120,"PERRI CONE RD",280.00,E,N,A,-,Y,,,120,,,,,,,Y,2,0,1,1,A,-,03,22350,,N,F,A,A,A,H,-,A,D,0,,,Y,,Y,,C,02,1,0,0,0,0,0,0,0,1,"- ","- ",37.88008,-120.45596,TUOLUMNE,UNINCORPORATED,-120.45596621,37.880039930000002
90225565,2016,2016-07-19,9425,2016-07-08,1700,020028,,5,2,9,5500,0,1,3,,2,031,"SR-108 W/B","WHEELER RD",657.00,E,N,A,-,Y,,,108,,,,,,W,Y,2,0,3,2,A,-,05,21460,A,N,A,C,A,A,H,-,A,D,0,,,,,Y,,A,01,1,2,0,0,0,0,0,0,0,"- ","- ",38.090069999999997,-120.14989,TUOLUMNE,UNINCORPORATED,-120.14990564,38.090088280000003
90236531,2016,2016-08-03,9425,2016-07-21,2140,019297,,4,2,9,5500,0,1,3,,2,031,"RT 108","SUGAR PINE RD",436.00,W,N,A,-,Y,,,108,,,,,,,Y,2,0,1,2,A,-,08,22107,,N,B,C,A,A,H,-,D,D,0,,,Y,,Y,,C,02,1,0,0,0,0,0,0,0,1,"- ","- ",38.064900000000002,-120.19498,TUOLUMNE,UNINCORPORATED,-120.19498821000001,38.064914979999998
90242909,2016,2016-08-11,9425,2016-08-06,1620,019297,,6,2,9,5500,0,1,3,,2,031,"RT 108","OLD STRAWBERRY RD",528.00,W,N,A,-,Y,,,108,,,,,,,Y,2,0,1,1,A,-,01,23152,A,N,F,A,A,A,H,-,A,D,0,,,Y,,Y,Y,C,02,1,0,0,0,0,0,0,0,1,"- ","- ",38.16957,-120.04058000000001,TUOLUMNE,UNINCORPORATED,-120.04056936000001,38.16951641