CASE_ID,ACCIDENT_YEAR,PROC_DATE,JURIS,COLLISION_DATE,COLLISION_TIME,OFFICER_ID,REPORTING_DISTRICT,DAY_OF_WEEK,CHP_SHIFT,POPULATION,CNTY_CITY_LOC,SPECIAL_COND,BEAT_TYPE,CHP_BEAT_TYPE,CITY_DIVISION_LAPD,CHP_BEAT_CLASS,BEAT_NUMBER,PRIMARY_RD,SECONDARY_RD,DISTANCE,DIRECTION,INTERSECTION,WEATHER_1,WEATHER_2,STATE_HWY_IND,CALTRANS_COUNTY,CALTRANS_DISTRICT,STATE_ROUTE,ROUTE_SUFFIX,POSTMILE_PREFIX,POSTMILE,LOCATION_TYPE,RAMP_INTERSECTION,SIDE_OF_HWY,TOW_AWAY,COLLISION_SEVERITY,NUMBER_KILLED,NUMBER_INJURED,PARTY_COUNT,PRIMARY_COLL_FACTOR,PCF_CODE_OF_VIOL,PCF_VIOL_CATEGORY,PCF_VIOLATION,PCF_VIOL_SUBSECTION,HIT_AND_RUN,TYPE_OF_COLLISION,MVIW,PED_ACTION,ROAD_SURFACE,ROAD_COND_1,ROAD_COND_2,LIGHTING,CONTROL_DEVICE,CHP_ROAD_TYPE,PEDESTRIAN_ACCIDENT,BICYCLE_ACCIDENT,MOTORCYCLE_ACCIDENT,TRUCK_ACCIDENT,NOT_PRIVATE_PROPERTY,ALCOHOL_INVOLVED,STWD_VEHTYPE_AT_FAULT,CHP_VEHTYPE_AT_FAULT,COUNT_SEVERE_INJ,COUNT_VISIBLE_INJ,COUNT_COMPLAINT_PAIN,COUNT_PED_KILLED,COUNT_PED_INJURED,COUNT_BICYCLIST_KILLED,COUNT_BICYCLIST_INJURED,COUNT_MC_KILLED,COUNT_MC_INJURED,PRIMARY_RAMP,SECONDARY_RAMP,LATITUDE,LONGITUDE,COUNTY,CITY,POINT_X,POINT_Y
90267833,2016,2016-10-18,9425,2016-07-09,0947,017058,,6,1,9,5500,0,1,3,,2,031,"STATE ROUTE 108","TWAIN HARTE DRIVE (WEST)",0.00,,Y,A,-,Y,,,,,,,,,,Y,1,1,1,2,A,-,09,21801,A,N,A,C,A,A,H,-,A,D,0,,,,,Y,,A,07,1,0,0,0,0,0,0,0,0,"- ","- ",38.18,-120.14490000000001,TUOLUMNE,UNINCORPORATED,-120.24683,38.019739899999998
90275898,2016,2016-09-26,9425,2016-09-13,2015,014853,,2,2,9,5500,0,3,5,,2,001,"SR-49 NORTHBOUND","RAWHIDE RD",528.00,S,N,A,-,Y,,,49,,,,,,N,Y,2,0,2,3,A,-,00,21954,,N,G,B,D,A,H,-,D,D,0,Y,,,,Y,Y,N,60,2,0,0,0,2,0,0,0,0,"- ","- ",37.954059999999998,-120.42443,TUOLUMNE,UNINCORPORATED,-120.42445705999999,37.954073000000001
90284001,2016,2016-10-05,9425,2016-09-25,0049,019785,,7,3,9,5500,0,1,3,,2,022,"STATE ROUTE 49","SPRINGFIELD RD",152.00,N,N,A,-,Y,,,49,,,,,,,Y,2,0,3,1,A,-,01,23152,A,N,E,I,A,A,H,-,D,D,0,,,,,Y,Y,D,22,2,1,0,0,0,0,0,0,0,"- ","- ",38.011369999999999,-120.41817,TUOLUMNE,UNINCORPORATED,-120.41817308,38.011380940000002
90324903,2016,2016-11-18,9425,2016-11-12,2300,019287,,6,3,9,5500,0,1,3,,2,011,SR-120,"SHAWMUT RD",2450.00,E,N,A,-,Y,,,120,,,,,,,Y,2,0,1,1,A,-,08,22107,,N,E,I,A,A,H,-,D,D,0,,,,,Y,Y,A,01,1,0,0,0,0,0,0,0,0,"- ","- ",37.858879999999999,-120.42204,TUOLUMNE,UNINCORPORATED,-120.42200305,37.85892896
90342521,2016,2016-12-12,9425,2016-12-03,0255,019785,,6,3,9,5500,0,3,5,,2,001,"JACKSONVILLE RD","HARNEY DR",19.00,S,N,A,-,N,,,,,,,,,,Y,2,0,1,1,A,-,08,22107,,N,E,I,A,A,H,-,D,D,0,,,,,Y,,A,01,1,0,0,0,0,0,0,0,0,"- ","- ",37.858750000000001,-120.37635,TUOLUMNE,UNINCORPORATED,-120.37281771000001,37.855768339999997
90343099,2016,2016-12-13,9425,2016-12-11,2250,016812,,7,3,9,5500,0,2,4,,2,023,"PHOENIX LAKE RD","BELLVIEW CREEK RD",3696.00,W,N,B,-,N,,,,,,,,,,Y,2,0,1,1,A,-,03,22350,,N,E,I,A,B,H,-,D,D,0,,,,,Y,,A,01,1,0,0,0,0,0,0,0,0,"- ","- ",,,TUOLUMNE,UNINCORPORATED,-120.2948284,38.008040809999997
90364231,2017,2017-01-09,9425,2017-01-02,0540,017403,,1,3,9,5500,0,1,3,,2,041,SR-120,"ELDER LN",189.00,E,N,B,-,Y,,,,,,,,,,Y,2,0,1,1,A,-,08,22107,,N,E,I,A,C,B,-,D,D,0,,,,,Y,,A,01,1,0,0,0,0,0,0,0,0,"- ","- ",,,TUOLUMNE,UNINCORPORATED,,
90400520,2017,2017-02-27,9425,2017-02-17,1500,019287,,5,2,9,5500,0,1,3,,2,031,SR-108,"LONG BARN RD",8976.00,E,N,B,C,Y,,,108,,,,,,,Y,2,0,1,1,A,-,01,23152,A,N,F,A,A,B,H,-,A,D,0,,,,,Y,Y,D,22,1,0,0,0,0,0,0,0,0,"- ","- ",38.123109999999997,-120.11190999999999,TUOLUMNE,UNINCORPORATED,-120.11191619,38.12311725
90434343,2017,2017-04-14,9425,2017-04-01,1800,019287,,6,2,9,5500,0,3,5,,2,003,"CREEKSIDE DR","SALLANDER DR",0.00,,Y,A,-,N,,,,,,,,,,N,2,0,1,1,A,-,08,22107,,N,F,A,A,A,H,-,A,D,0,,,Y,,Y,Y,C,02,1,0,0,0,0,0,0,0,1,"- ","- ",38.017679999999999,-120.27441,TUOLUMNE,UNINCORPORATED,-120.27967995,38.012969920000003
90469100,2017,2017-06-01,9425,2017-05-27,1855,019287,,6,2,9,5500,0,1,3,,2,031,"SR-108 W/B","SOULSBYVILLE RD",2630.00,E,N,A,-,Y,,,108,,,,,,W,N,2,0,1,1,A,-,08,22107,,N,F,A,A,A,H,-,A,D,0,,,Y,,Y,Y,C,02,1,0,0,0,0,0,0,0,1,"- ","- ",38.001629999999999,-120.26054999999999,TUOLUMNE,UNINCORPORATED,-120.26057473,38.001647319999996
90469879,2017,2017-06-02,9425,2017-05-19,1805,014853,,5,2,9,5500,0,3,5,,2,001,"CAMPO SECO ROAD","GOLDEN OAKS DRIVE",1056.00,N,N,A,-,N,,,,,,,,,,Y,2,0,1,1,A,-,08,22107,,N,E,I,A,A,H,-,A,D,0,,,,,Y,,D,22,1,0,0,0,0,0,0,0,0,"- ","- ",37.947780000000002,-120.41043000000001,TUOLUMNE,UNINCORPORATED,-120.41021609000001,37.948003190000001
90492653,2017,2017-07-03,9425,2017-06-27,1608,014853,,2,2,9,5500,0,1,3,,2,011,"SR-120 EASTBOUND","RUSHING HILL LOOKOUT RD",528.00,E,N,A,-,Y,,,120,,,,,,E,Y,2,0,1,1,A,-,01,23152,A,N,E,I,A,A,H,-,A,D,0,,,,,Y,Y,A,01,1,0,0,0,0,0,0,0,0,"- ","- ",37.846040000000002,-120.56189999999999,TUOLUMNE,UNINCORPORATED,-120.56189388,37.846325499999999
90506770,2017,2017-07-24,9425,2017-07-17,2148,018559,,1,2,9,5500,0,1,3,,2,013,SR-49,"MAIN ST",313.00,N,N,A,-,Y,,,49,,,,,,,N,2,0,2,3,C,-,18,,,N,G,B,E,A,C,-,C,D,0,Y,,,,Y,,-,"- ",1,1,0,0,2,0,0,0,0,"- ","- ",37.952260000000003,-120.42475,TUOLUMNE,UNINCORPORATED,-120.42471075,37.952261829999998
90509935,2017,2017-07-27,9425,2017-07-14,1707,018965,,5,2,9,5500,0,3,5,,2,003,"KEWIN MILL RD","MOUNT ELIZABETH DR",39.00,E,N,A,-,N,,,,,,,,,,Y,2,0,1,1,A,-,01,23152,A,N,F,A,A,A,H,-,A,D,0,,,Y,,Y,Y,C,02,1,0,0,0,0,0,0,0,1,"- ","- ",38.06062,-120.26639,TUOLUMNE,UNINCORPORATED,-120.26641497999999,38.060446089999999
90518222,2017,2017-08-07,9425,2017-08-01,0115,019640,,2,3,9,5500,0,2,S,,2,904,"FOREST ROUTE 7N01","FOREST ROUTE 7N27",0.00,,Y,B,-,N,,,,,,,,,,Y,2,0,1,1,A,-,01,23152,A,N,E,I,A,B,H,-,D,D,0,,,,,Y,Y,A,07,1,0,0,0,0,0,0,0,0,"- ","- ",38.412129999999998,-120.03677,TUOLUMNE,UNINCORPORATED,-120.03681779,38.41189353
90518804,2017,2017-08-08,9425,2017-07-28,2500,014853,,5,4,9,5500,0,1,3,,2,031,SR-108,"FOREST ROAD 4N39",2112.00,W,N,A,-,Y,,,108,,,,,,,Y,2,0,1,1,A,-,08,22107,,N,E,I,A,A,H,-,A,D,0,,,,,Y,,A,01,1,0,0,0,0,0,0,0,0,"- ","- ",38.202159999999999,-120.02186,TUOLUMNE,UNINCORPORATED,-120.02183975,38.202119000000003
90525466,2017,2017-08-17,9425,2017-08-11,1438,016886,,5,2,9,5500,0,1,3,,2,041,SR-120,"ELDER LANE",84.00,W,N,A,-,Y,,,120,,,,,,,N,2,0,1,1,A,-,08,22107,,N,F,A,A,A,H,-,A,D,0,,,Y,,Y,,C,02,1,0,0,0,0,0,0,0,1,"- ","- ",37.839619999999996,-120.22375,TUOLUMNE,UNINCORPORATED,-120.22374804,37.839623860000003
90560215,2017,2017-09-29,9425,2017-09-23,1420,016886,,6,2,9,5500,0,1,3,,2,042,SR-120,"HARDIN FLAT ROAD (EAST)",1584.00,W,N,A,-,Y,,,120,,,,,,,Y,2,0,1,2,C,-,18,,,N,H,H,A,A,H,-,A,D,0,,,,,Y,,-,"- ",1,0,0,0,0,0,0,0,0,"- ","- ",37.813589999999998,-119.9054,TUOLUMNE,UNINCORPORATED,-119.90534820000001,37.81364361
90580949,2017,2017-10-27,9425,2017-10-16,0235,018559,,1,3,9,5500,0,3,5,,2,002,"OLD WARDS FERRY RD","JACOBS RD",528.00,N,N,A,-,N,,,,,,,,,,Y,2,0,1,1,A,-,01,23152,A,N,E,I,A,A,H,-,D,D,0,,,,,Y,Y,A,01,1,0,0,0,0,0,0,0,0,"- ","- ",37.956620000000001,-120.35883,TUOLUMNE,UNINCORPORATED,-120.35808951,37.956171150000003
90594708,2017,2017-11-15,9425,2017-11-12,0412,018559,,7,3,9,5500,0,1,3,,1,021,"STATE ROUTE 108","WASHINGTON ST",580.00,E,N,A,-,Y,,,108,,,,,,,Y,2,0,4,2,A,-,01,23152,A,N,A,C,A,A,H,-,C,D,0,,,,,Y,Y,A,07,2,2,0,0,0,0,0,0,0,"- ","- ",37.968820000000001,-120.37649999999999,TUOLUMNE,UNINCORPORATED,-120.37648756999999,37.968787990000003
90621250,2017,2017-12-20,9425,2017-12-09,1535,015963,,6,2,9,5500,0,3,5,,2,001,"RAWHIDE ROAD","OMEGA MINE ROAD",200.00,W,N,A,-,N,,,,,,,,,,Y,2,0,1,1,A,-,08,22107,,N,F,A,A,A,H,-,A,D,0,,,Y,,Y,,C,02,1,0,0,0,0,0,0,0,1,"- ","- ",37.964680000000001,-120.44184,TUOLUMNE,UNINCORPORATED,-120.44157614,37.964855389999997
90629952,2017,2017-12-29,9425,2017-12-22,1756,014936,,5,2,9,5500,0,3,5,,2,003,"SOUTH FORK RD","SUNNYBROOK DRIVE",528.00,W,N,B,-,N,,,,,,,,,,Y,2,0,1,1,A,-,01,23152,A,N,E,I,A,A,H,-,D,D,0,,,,,Y,Y,D,22,1,0,0,0,0,0,0,0,0,"- ","- ",38.0212,-120.15009999999999,TUOLUMNE,UNINCORPORATED,-120.25144297,38.034377470000003
90634686,2017,2018-01-08,9425,2017-12-24,1928,014936,,7,2,9,5500,0,3,5,,2,003,"SOULSBYVILLE ROAD","COMMUNITY DR",528.00,S,N,B,-,N,,,,,,,,,,N,2,0,1,1,C,-,18,,,N,H,A,A,A,H,-,D,D,0,,,,,Y,,-,"- ",1,0,0,0,0,0,0,0,0,"- ","- ",37.590000000000003,-120.1551,TUOLUMNE,UNINCORPORATED,-120.26387027,37.984448800000003
90634951,2017,2018-01-08,9425,2017-11-26,2313,016812,,7,3,9,5500,0,1,3,,2,011,"SR-120 E/B","RUSHING HILL LOOKOUT RD",6864.00,W,N,B,-,Y,,,120,,,,,,E,Y,1,2,0,1,A,-,08,22107,,N,F,A,A,B,H,-,D,A,0,,,,,Y,,A,01,0,0,0,0,0,0,0,0,0,"- ","- ",37.848910000000004,-120.58208,TUOLUMNE,UNINCORPORATED,-120.5820899,37.848887099999999
90650884,2017,2018-09-26,9425,2017-05-29,2355,020028,,1,3,9,5500,0,1,3,,2,031,"STATE ROUTE 108","ARGYLE RD",190.00,E,N,A,-,Y,,,108,,,,,,,Y,1,1,0,1,A,-,03,22350,,N,E,I,A,A,H,-,D,D,0,,,,,Y,Y,D,22,0,0,0,0,0,0,0,0,0,"- ","- ",37.981929999999998,-120.29487,TUOLUMNE,UNINCORPORATED,-120.29487534,37.981956609999997
90654018,2017,2018-02-02,9425,2017-12-29,1100,017822,,5,1,9,5500,0,1,3,,2,011,"STATE ROUTE 120","STATE ROUTE 108",260.00,W,N,A,-,Y,,,120,,,,,,,Y,1,1,5,2,A,-,08,22107,,N,D,C,A,A,H,-,A,D,0,,,,,Y,,A,07,1,4,0,0,0,0,0,0,0,"- ","- ",37.890819999999998,-120.48918999999999,TUOLUMNE,UNINCORPORATED,-120.489221,37.890907869999999
90669567,2018,2018-02-26,9425,2018-02-20,0730,017403,,2,1,9,5500,0,1,3,,1,054,SR-132,"BONDS FLAT RD",1056.00,E,N,A,-,Y,,,,,,,,,,Y,2,0,1,1,A,-,08,22107,,N,F,A,A,A,H,-,A,A,0,,,,,Y,,A,01,1,0,0,0,0,0,0,0,0,"- ","- ",,,TUOLUMNE,UNINCORPORATED,-120.35828399658203,37.679481506347656
90679937,2017,2018-03-12,9425,2017-12-02,1325,017058,,6,1,9,5500,0,2,4,,2,034,"TUOLUMNE ROAD","WESTSIDE ROAD",948.00,E,N,A,-,N,,,,,,,,,,Y,1,1,0,1,A,-,08,22107,,N,E,I,A,A,H,-,A,D,0,,,,,Y,,A,01,0,0,0,0,0,0,0,0,0,"- ","- ",37.575299999999999,-120.14409999999999,TUOLUMNE,UNINCORPORATED,-120.24531245,37.964654750000001
90704062,2018,2018-04-12,9425,2018-04-10,2250,019785,,2,3,9,5500,0,3,5,,2,003,"CHERRY VALLEY BLVD NORTH","BAY AVE",0.00,,Y,A,-,N,,,,,,,,,,Y,2,0,3,1,A,-,03,22350,,N,E,I,A,A,H,-,D,A,0,,,,,Y,,D,22,1,1,1,0,0,0,0,0,0,"- ","- ",37.961318969726562,-120.2406005859375,TUOLUMNE,UNINCORPORATED,-120.24037994,37.961280019999997
90710065,2018,2018-04-20,9425,2018-04-19,1518,016886,,4,2,9,5500,0,1,3,,1,044,SR-132,"ISABEL WAY",199.00,E,N,A,-,Y,,,132,,,,,,,Y,2,0,1,1,C,-,18,,,N,H,H,A,A,H,-,A,D,0,,,Y,,Y,,-,"- ",1,0,0,0,0,0,0,0,1,"- ","- ",37.695640563964844,-120.33302307128906,TUOLUMNE,UNINCORPORATED,-120.33299255371094,37.695648193359375
90711112,2018,2018-04-23,9425,2018-04-21,1410,016886,,6,2,9,5500,0,3,5,,1,004,"PRIEST COULTERVILLE ROAD","JACKASS CREEK",528.00,N,N,A,-,N,,,,,,,,,,Y,2,0,2,1,A,-,08,22107,,N,E,I,A,A,H,-,A,D,0,,,,,Y,,A,01,1,0,1,0,0,0,0,0,0,"- ","- ",37.777938842773438,-120.22704315185547,TUOLUMNE,UNINCORPORATED,-120.22705078125,37.777927398681641
90713745,2018,2018-04-26,9425,2018-04-22,1015,017403,,7,1,9,5500,0,1,3,,2,041,SR-120,"GRIZZLY RD",1584.00,E,N,A,-,Y,,,,,,,,,,Y,2,0,1,1,A,-,08,22107,,N,F,A,A,A,H,-,A,D,0,,,Y,,Y,,C,02,1,0,0,0,0,0,0,0,1,"- ","- ",,,TUOLUMNE,UNINCORPORATED,-120.30210876464844,37.819969177246094
90732293,2018,2018-05-23,9425,2018-05-19,1225,018251,,6,1,9,5500,0,3,5,,2,002,"SPRINGFIELD ROAD","PARROTTS FERRY RD",650.00,S,N,A,-,N,,,,,,,,,,Y,2,0,2,2,A,-,08,22107,,N,B,C,A,A,H,-,A,D,0,,,Y,,Y,,C,02,1,1,0,0,0,0,0,0,2,"- ","- ",38.026149749755859,-120.40750122070312,TUOLUMNE,UNINCORPORATED,-120.40749359130859,38.026317596435547
90775509,2018,2018-07-24,9425,2018-04-26,2350,019785,,4,3,9,5500,0,1,3,,1,021,"STATE ROUTE 108","OLD WARDS FERRY RD",368.00,E,N,A,-,Y,,,108,,,,,,,Y,1,1,5,3,A,-,01,23152,A,N,A,C,A,A,H,-,D,D,0,,,,,Y,Y,A,01,3,0,2,0,0,0,0,0,0,"- ","- ",37.970951080322266,-120.36541748046875,TUOLUMNE,UNINCORPORATED,-120.36540985107422,37.970901489257812
90788621,2018,2018-08-10,9425,2018-08-06,1440,020028,,1,2,9,5500,0,1,3,,2,011,"STATE ROUTE 120 E/B","TULLOCH DAM RD",6864.00,E,N,A,-,Y,,,120,,,,,,E,Y,2,0,1,1,A,-,08,22107,,N,E,I,A,A,H,-,A,D,0,,,,,Y,,D,22,1,0,0,0,0,0,0,0,0,"- ","- ",37.846290588378906,-120.60449981689453,TUOLUMNE,UNINCORPORATED,-120.60451507568359,37.846355438232422
90812328,2018,2018-09-13,9425,2018-09-05,1655,020028,,3,2,9,5500,0,1,3,,2,013,SR-49,"HIGH SCHOOL RD",1103.00,N,N,A,-,Y,,,49,,,,,,,Y,2,0,2,1,A,-,08,22107,,N,E,I,A,A,H,-,A,D,0,,,,,Y,,A,01,1,1,0,0,0,0,0,0,0,"- ","- ",37.938251495361328,-120.43757629394531,TUOLUMNE,UNINCORPORATED,-120.4376220703125,37.938331604003906
90818099,2018,2018-09-20,9425,2018-09-10,1056,013905,,1,1,9,5500,0,1,3,,2,031,"STATE ROUTE 108","CONFIDENCE S. FORK ROAD",0.00,,Y,A,-,Y,,,108,,,,,,,Y,2,0,2,1,A,-,03,22350,,N,F,A,A,A,H,-,A,D,0,,,Y,,Y,,C,02,1,1,0,0,0,0,0,0,2,"- ","- ",38.04541015625,-120.20790863037109,TUOLUMNE,UNINCORPORATED,-120.20787048339844,38.045455932617188
90842257,2018,2018-10-23,9425,2018-09-08,1740,016812,,6,2,9,5500,0,1,3,,2,022,"STATE ROUTE 49","OLD SONORA COLUMBIA RD",54.00,N,N,A,-,Y,,,49,,,,,,,N,1,1,0,2,A,-,08,22107,,N,D,G,A,A,H,-,A,D,0,,,,,Y,Y,M,91,0,0,0,0,0,0,0,0,0,"- ","- ",38.011100769042969,-120.39179229736328,TUOLUMNE,UNINCORPORATED,-120.39178466796875,38.011104583740234
90842339,2018,2018-10-23,9425,2018-10-18,1750,018822,,4,2,9,5500,0,2,4,,2,024,"TUOLUMNE RD","LAMBERT LAKE RD",900.00,W,N,A,-,N,,,,,,,,,,Y,2,0,1,1,A,-,08,22107,,N,E,I,A,A,H,-,A,D,0,,,,,Y,,A,07,1,0,0,0,0,0,0,0,0,"- ","- ",37.970508575439453,-120.33759307861328,TUOLUMNE,UNINCORPORATED,-120.33770751953125,37.970504760742188
90859484,2018,2018-11-14,9425,2018-11-03,1515,018822,,6,2,9,5500,0,1,3,,1,021,SR-108,"OLD WARDS FERRY RD",520.00,W,N,A,-,Y,,,108,,,,,,,N,2,0,1,1,C,-,18,,,N,H,A,A,A,H,-,A,D,0,,,Y,,Y,,-,"- ",1,0,0,0,0,0,0,0,1,"- ","- ",37.970310211181641,-120.36887359619141,TUOLUMNE,UNINCORPORATED,-120.36885833740234,37.970260620117188
90906051,2019,2019-01-16,9425,2019-01-06,0911,017461,,7,1,9,5500,0,3,5,,1,004,"FERRETTI RD","HEMLOCK ST",1056.00,E,N,A,-,N,,,,,,,,,,Y,2,0,1,1,A,-,01,23152,A,N,E,I,A,B,H,-,A,D,0,,,,,Y,Y,A,01,1,0,0,0,0,0,0,0,0,"- ","- ",37.858791351318359,-120.18344116210938,TUOLUMNE,UNINCORPORATED,-120.18149566650391,37.8582763671875
90906667,2018,2019-01-17,9425,2018-11-14,0705,018251,,3,1,9,5500,0,1,3,,2,013,"STATE ROUTE 49","STOCKTON ST",1632.00,S,N,A,-,Y,,,49,,,,,,,Y,1,1,0,2,A,-,09,21804,A,N,D,C,A,A,H,-,A,D,0,,,,Y,Y,,A,01,0,0,0,0,0,0,0,0,0,"- ","- ",37.964759826660156,-120.39541625976562,TUOLUMNE,UNINCORPORATED,-120.39542388916016,37.964759826660156
90916750,2019,2019-01-31,9425,2019-01-24,1325,017461,,4,1,9,5500,0,1,3,,2,041,SR-120,"SMITH STATION RD",147.00,W,N,A,-,Y,,,,,,,,,,Y,2,0,1,1,A,-,08,22107,,N,F,A,A,A,H,-,A,D,0,,,Y,,Y,,C,02,1,0,0,0,0,0,0,0,1,"- ","- ",37.317161560058594,-120.13018798828125,TUOLUMNE,UNINCORPORATED,-120.12114715576172,37.813621520996094
90923989,2019,2019-02-11,9425,2019-02-03,0520,019773,,7,3,9,5500,0,2,4,,2,034,"TUOLUMNE RD","STANDARD RD",35.00,W,N,C,-,N,,,,,,,,,,Y,2,0,1,1,A,-,08,22107,,N,E,I,A,B,H,-,C,A,0,,,,,Y,,A,08,1,0,0,0,0,0,0,0,0,"- ","- ",37.957469940185547,-120.31201171875,TUOLUMNE,UNINCORPORATED,-120.31197357177734,37.957435607910156
90946443,2019,2019-03-14,9425,2019-03-10,1503,015963,,7,2,9,5500,0,1,3,,1,021,"SR-108 EASTBOUND FROM MONO WAY","MONO WAY",528.00,E,N,B,-,Y,,,,,,,,,,Y,2,0,1,1,A,-,03,22350,,N,E,I,A,A,H,-,A,D,0,,,,,Y,,A,01,1,0,0,0,0,0,0,0,0,"- ","- ",37.997711181640625,-120.35533905029297,TUOLUMNE,UNINCORPORATED,-120.35777282714844,37.976459503173828
90980791,2019,2019-05-02,9425,2019-04-24,1600,018559,,3,2,9,5500,0,2,4,,2,024,"TUOLUMNE RD","HESS AVE",70.00,W,N,A,-,N,,,,,,,,,,Y,2,0,3,2,A,-,01,23152,A,N,A,C,A,A,H,-,A,D,0,,,,,Y,Y,D,22,2,0,1,0,0,0,0,0,0,"- ","- ",37.966388702392578,-120.33180236816406,TUOLUMNE,UNINCORPORATED,-120.33158111572266,37.966232299804688
90993955,2019,2019-05-22,9425,2019-05-11,1500,017461,,6,2,9,5500,0,1,3,,1,043,SR-49,"BLACKS CREEK RD",2640.00,N,N,A,-,Y,,,49,,,,,,,N,2,0,1,1,A,-,08,22107,,N,E,I,A,A,H,-,A,D,0,,,Y,,Y,,C,02,1,0,0,0,0,0,0,0,1,"- ","- ",37.771350860595703,-120.25861358642578,TUOLUMNE,UNINCORPORATED,-120.25910186767578,37.771251678466797
91001199,2019,2019-05-31,9425,2019-01-24,2500,017461,,4,4,9,5500,0,1,3,,2,041,SR-120,"RIVER RD",528.00,E,N,A,-,Y,,,120,,,,,,,Y,1,1,0,1,A,-,08,22107,,N,F,A,A,A,H,-,A,D,0,,,,,Y,,A,01,0,0,0,0,0,0,0,0,0,"- ","- ",37.820148468017578,-120.30023956298828,TUOLUMNE,UNINCORPORATED,-120.30024719238281,37.820236206054688
91023264,2019,2019-07-02,9425,2019-06-24,1415,014936,,1,2,9,5500,0,3,5,,2,003,"BUCHANAN ROAD","CANYON DR",7920.00,E,N,A,-,N,,,,,,,,,,Y,2,0,1,1,A,-,01,23152,A,N,E,I,A,A,H,-,A,D,0,,,,,Y,Y,A,07,1,0,0,0,0,0,0,0,0,"- ","- ",37.982528686523438,-120.20896911621094,TUOLUMNE,UNINCORPORATED,-120.20680999755859,37.979984283447266
91032693,2019,2019-07-17,9425,2019-07-07,0110,017403,,7,3,9,5500,0,1,3,,2,041,SR-120,"MOCCASIN SWITCHBACK RD",20.00,E,N,A,-,Y,,,120,,,,,,,Y,2,0,1,1,A,-,01,23152,A,N,E,I,A,A,H,-,D,D,0,,,,,Y,Y,D,22,1,0,0,0,0,0,0,0,0,"- ","- ",37.814601898193359,-120.29881286621094,TUOLUMNE,UNINCORPORATED,-120.29885864257812,37.814651489257812
91047215,2019,2019-08-07,9425,2019-08-03,2005,018822,,6,2,9,5500,0,2,4,,2,026,"MONO WAY","HILLSDALE DR",0.00,,Y,A,-,N,,,,,,,,,,Y,2,0,1,1,A,-,03,22350,,N,F,A,A,A,H,-,B,D,0,,,Y,,Y,,C,02,1,0,0,0,0,0,0,0,1,"- ","- ",37.977439880371094,-120.32469940185547,TUOLUMNE,UNINCORPORATED,-120.32462310791016,37.9775390625
91047903,2019,2019-08-08,9425,2019-08-06,2100,015963,,2,2,9,5500,0,3,5,,2,001,"7TH STREET","4TH AVE",65.00,E,N,A,-,N,,,,,,,,,,Y,2,0,1,1,A,-,08,22107,,N,F,A,A,A,H,-,D,D,0,,,Y,,Y,,C,02,1,0,0,0,0,0,0,0,1,"- ","- ",37.953418731689453,-120.41873931884766,TUOLUMNE,UNINCORPORATED,-120.41881561279297,37.953468322753906
91049076,2019,2019-08-09,9425,2019-08-02,1707,016886,,5,2,9,5500,0,1,3,,2,041,SR-120,"WHITES GULCH ROAD",15.00,W,N,A,-,Y,,,120,,,,,,,Y,2,0,2,2,A,-,03,22350,,N,C,C,A,A,H,-,A,D,0,,,,,Y,,A,07,2,0,0,0,0,0,0,0,0,"- ","- ",37.832359313964844,-120.20044708251953,TUOLUMNE,UNINCORPORATED,-120.20046997070312,37.832328796386719
91050234,2019,2019-08-12,9425,2019-08-07,1605,015963,,3,2,9,5500,0,3,5,,2,003,"QUAIL DRIVE","ROBIN ROAD",20.00,S,N,A,-,N,,,,,,,,,,N,2,0,1,1,A,-,08,22107,,N,F,A,A,A,H,-,A,D,0,,,Y,,Y,,C,02,1,0,0,0,0,0,0,0,1,"- ","- ",38.04534912109375,-120.25264739990234,TUOLUMNE,UNINCORPORATED,-120.25254821777344,38.045364379882812
91056955,2019,2019-08-28,9425,2019-08-09,0650,017461,,5,1,9,5500,0,1,3,,2,041,SR-120,"MERRELL RD",528.00,W,N,A,-,Y,,,120,,,,,,,Y,2,0,2,1,A,-,01,23152,A,N,E,I,A,A,H,-,A,D,0,,,,,Y,Y,A,01,1,1,0,0,0,0,0,0,0,"- ","- ",37.834320068359375,-120.24172210693359,TUOLUMNE,UNINCORPORATED,-120.24173736572266,37.834335327148438
91067530,2019,2019-09-04,9425,2019-08-24,1810,019297,,6,2,9,5500,0,3,5,,2,003,"MI WU ST","TUOLUMNE RD  N",361.00,E,N,A,-,N,,,,,,,,,,Y,2,0,1,1,A,-,01,23152,A,N,E,I,A,A,H,-,A,D,0,,,,,Y,Y,A,01,1,0,0,0,0,0,0,0,0,"- ","- ",37.975059509277344,-120.23825836181641,TUOLUMNE,UNINCORPORATED,-120.23966979980469,37.975269317626953
91087286,2019,2019-09-30,9425,2019-09-22,1835,018559,,7,2,9,5500,0,1,3,,2,011,SR-120,SR-49,0.00,,Y,B,-,Y,,,120,,,,,,,Y,2,0,3,2,A,-,09,21802,A,N,D,C,A,A,H,-,A,A,0,,,,,Y,,D,22,1,2,0,0,0,0,0,0,0,"- ","- ",37.8148193359375,-120.31183624267578,TUOLUMNE,UNINCORPORATED,-120.31184387207031,37.814800262451172