CASE_ID,ACCIDENT_YEAR,PROC_DATE,JURIS,COLLISION_DATE,COLLISION_TIME,OFFICER_ID,REPORTING_DISTRICT,DAY_OF_WEEK,CHP_SHIFT,POPULATION,CNTY_CITY_LOC,SPECIAL_COND,BEAT_TYPE,CHP_BEAT_TYPE,CITY_DIVISION_LAPD,CHP_BEAT_CLASS,BEAT_NUMBER,PRIMARY_RD,SECONDARY_RD,DISTANCE,DIRECTION,INTERSECTION,WEATHER_1,WEATHER_2,STATE_HWY_IND,CALTRANS_COUNTY,CALTRANS_DISTRICT,STATE_ROUTE,ROUTE_SUFFIX,POSTMILE_PREFIX,POSTMILE,LOCATION_TYPE,RAMP_INTERSECTION,SIDE_OF_HWY,TOW_AWAY,COLLISION_SEVERITY,NUMBER_KILLED,NUMBER_INJURED,PARTY_COUNT,PRIMARY_COLL_FACTOR,PCF_CODE_OF_VIOL,PCF_VIOL_CATEGORY,PCF_VIOLATION,PCF_VIOL_SUBSECTION,HIT_AND_RUN,TYPE_OF_COLLISION,MVIW,PED_ACTION,ROAD_SURFACE,ROAD_COND_1,ROAD_COND_2,LIGHTING,CONTROL_DEVICE,CHP_ROAD_TYPE,PEDESTRIAN_ACCIDENT,BICYCLE_ACCIDENT,MOTORCYCLE_ACCIDENT,TRUCK_ACCIDENT,NOT_PRIVATE_PROPERTY,ALCOHOL_INVOLVED,STWD_VEHTYPE_AT_FAULT,CHP_VEHTYPE_AT_FAULT,COUNT_SEVERE_INJ,COUNT_VISIBLE_INJ,COUNT_COMPLAINT_PAIN,COUNT_PED_KILLED,COUNT_PED_INJURED,COUNT_BICYCLIST_KILLED,COUNT_BICYCLIST_INJURED,COUNT_MC_KILLED,COUNT_MC_INJURED,PRIMARY_RAMP,SECONDARY_RAMP,LATITUDE,LONGITUDE,COUNTY,CITY,POINT_X,POINT_Y
91092849,2019,2019-10-08,9425,2019-10-02,1530,019297,,3,2,9,5500,0,1,3,,2,032,"STATE ROUTE 108","MONO COUNTY LINE",5280.00,W,N,A,-,Y,,,108,,,,,,,N,2,0,1,1,A,-,08,22107,,N,F,A,A,A,D,-,A,D,0,,,Y,,Y,,C,02,1,0,0,0,0,0,0,0,1,"- ","- ",38.335330963134766,-119.65023040771484,TUOLUMNE,UNINCORPORATED,-119.65023040771484,38.335338592529297
91107702,2019,2019-10-28,9425,2019-10-20,1613,018453,,7,2,9,5500,0,1,3,,2,011,SR-120,SR-108,1166.00,W,N,A,-,Y,,,120,,,,,,,Y,2,0,2,1,A,-,03,22350,,N,F,A,A,A,H,-,A,D,0,,,Y,,Y,Y,C,02,1,1,0,0,0,0,0,0,2,"- ","- ",37.889789581298828,-120.49186706542969,TUOLUMNE,UNINCORPORATED,-120.49186706542969,37.889781951904297
91163410,2019,2020-01-10,9425,2019-09-15,0035,014936,,7,3,9,5500,0,3,5,,2,003,"LONGEWAY RD","PHOENIX LAKE RD",0.00,,Y,A,-,N,,,,,,,,,,Y,1,1,1,1,A,-,01,23152,A,N,F,A,A,A,H,-,D,A,0,,,Y,,Y,Y,C,02,0,1,0,0,0,0,0,1,1,"- ","- ",38.033100128173828,-120.27207946777344,TUOLUMNE,UNINCORPORATED,-120.27198791503906,38.033111572265625
91170322,2019,2020-01-22,9425,2019-12-11,1650,019297,,3,2,9,5500,0,1,3,,2,031,"STATE ROUTE 108","TWAIN HARTE DR",0.00,,Y,B,-,Y,,,108,,,,,,,Y,2,0,4,2,A,-,09,21801,A,N,D,C,A,A,H,-,C,D,0,,,,,Y,,A,01,3,1,0,0,0,0,0,0,0,"- ","- ",38.019821166992188,-120.24678802490234,TUOLUMNE,UNINCORPORATED,-120.24678802490234,38.019821166992188
91186025,2020,2020-02-13,9425,2020-02-04,1430,017403,,2,2,9,5500,0,1,3,,1,044,SR-132,"ZARZAMORA ST",3168.00,W,N,A,-,Y,,,132,,,,,,,Y,2,0,1,1,A,-,01,23152,A,N,F,A,A,A,H,-,A,D,0,,,,,Y,Y,A,01,1,0,0,0,0,0,0,0,0,"- ","- ",37.674789428710938,-120.34552764892578,TUOLUMNE,UNINCORPORATED,-120.34555816650391,37.674747467041016
91223414,2020,2020-04-09,9425,2020-04-04,0000,019773,,6,3,9,5500,0,3,5,,2,002,"WARDS FERRY RD","THIEL RD",17952.00,N,N,A,-,N,,,,,,,,,,N,2,0,2,1,A,-,01,23152,A,N,E,I,A,A,H,-,D,D,0,,,,,Y,Y,A,07,1,1,0,0,0,0,0,0,0,"- ","- ",37.870399475097656,-120.29080200195312,TUOLUMNE,UNINCORPORATED,-120.29032897949219,37.870456695556641
91224624,2020,2020-04-13,9425,2020-04-06,1451,016812,,1,2,9,5500,0,3,5,,2,003,"EAST AVE",SR-108,191.00,S,N,B,D,Y,,,,,,,,,,Y,2,0,1,1,A,-,01,23152,A,N,E,I,A,C,H,-,A,D,0,,,,,Y,Y,A,01,1,0,0,0,0,0,0,0,0,"- ","- ",38.035629272460938,-120.22415924072266,TUOLUMNE,UNINCORPORATED,-120.22415924072266,38.035671234130859
91228551,2020,2020-04-22,9425,2020-04-17,2135,018453,,5,2,9,5500,0,2,4,,2,025,"PARROTTS FERRY RD","PORCINA WAY",232.00,N,N,B,-,N,,,,,,,,,,Y,2,0,3,2,A,-,01,23152,A,N,A,C,A,A,H,-,D,D,0,,,,,Y,Y,A,01,2,1,0,0,0,0,0,0,0,"- ","- ",38.052078247070312,-120.41712951660156,TUOLUMNE,UNINCORPORATED,-120.41636657714844,38.052158355712891
91235906,2020,2020-05-11,9425,2020-04-30,1815,017822,,4,2,9,5500,0,3,5,,2,003,"24010 PINE LAKE DRIVE","PINE CONE ROAD",0.00,,Y,A,-,N,,,,,,,,,,Y,2,0,1,1,A,-,08,22107,,N,E,J,A,A,H,-,A,D,0,,,Y,,Y,,C,02,1,0,0,0,0,0,0,0,1,"- ","- ",38.056690216064453,-120.19821929931641,TUOLUMNE,UNINCORPORATED,-120.19802093505859,38.056648254394531
91247268,2020,2020-06-04,9425,2020-05-25,2120,018644,,1,2,9,5500,0,1,3,,2,041,SR-120,"OLD HIGHWAY 120",2112.00,E,N,A,-,Y,,,120,,,,,,,Y,2,0,1,1,A,-,01,23152,A,N,E,I,A,A,H,-,D,D,0,,,,,Y,Y,D,22,1,0,0,0,0,0,0,0,0,"- ","- ",37.838901519775391,-120.20770263671875,TUOLUMNE,UNINCORPORATED,-120.20770263671875,37.838848114013672
91261698,2020,2020-07-01,9425,2020-06-22,1320,018822,,1,1,9,5500,0,3,5,,2,002,"SHAWS FLAT RD","UNION HILL RD",990.00,S,N,A,-,N,,,,,,,,,,Y,2,0,2,2,A,-,05,21460,A,N,A,C,A,A,H,-,A,A,0,,,,,Y,,D,22,1,1,0,0,0,0,0,0,0,"- ","- ",38.014678955078125,-120.40457153320312,TUOLUMNE,UNINCORPORATED,-120.40454864501953,38.014671325683594
91272954,2020,2020-07-22,9425,2020-07-13,2122,014936,,1,2,9,5500,0,2,4,,2,034,"TUOLUMNE ROAD","BLUE BELL RD  E",625.00,E,N,A,-,N,,,,,,,,,,Y,2,0,1,1,A,-,08,22107,,N,F,A,A,A,H,-,D,D,0,,,Y,,Y,,C,02,1,0,0,0,0,0,0,0,1,"- ","- ",37.957118988037109,-120.30811309814453,TUOLUMNE,UNINCORPORATED,-120.30805969238281,37.957138061523438
91277367,2020,2020-07-30,9425,2020-07-28,1948,019287,,2,2,9,5500,0,1,3,,2,011,"SR-120 W/B","TULLOCH RD",0.00,,Y,A,-,Y,,,120,,,,,,W,Y,2,0,3,2,A,-,09,21802,A,N,D,C,A,A,H,-,B,D,0,,,,,Y,,A,01,1,1,1,0,0,0,0,0,0,"- ","- ",37.839191436767578,-120.62606048583984,TUOLUMNE,UNINCORPORATED,-120.62611389160156,37.839218139648438
91283305,2020,2020-08-10,9425,2020-07-29,0630,014853,,3,1,9,5500,0,2,4,,2,014,"LA GRANGE ROAD","RED HILLS ROAD",340.00,S,N,A,-,N,,,,,,,,,,Y,2,0,1,1,A,-,08,22107,,N,E,I,A,A,H,-,A,D,0,,,,,Y,,A,01,1,0,0,0,0,0,0,0,0,"- ","- ",37.831489562988281,-120.47760009765625,TUOLUMNE,UNINCORPORATED,-120.47769927978516,37.831451416015625
91284889,2020,2020-08-12,9425,2020-08-01,2205,018559,,6,3,9,5500,0,1,3,,2,022,SR-49,"SHAWS FLAT RD",88.00,S,N,A,-,Y,,,49,,,,,,,N,2,0,1,2,A,-,02,22400,A,N,C,C,A,A,H,-,D,D,0,,,,,Y,,M,96,1,0,0,0,0,0,0,0,0,"- ","- ",38.011501312255859,-120.40380096435547,TUOLUMNE,UNINCORPORATED,-120.40383911132812,38.011623382568359
91285204,2020,2020-08-12,9425,2020-08-05,1750,019287,,3,2,9,5500,0,3,5,,2,002,"LIME KILN RD","LIME ROCK DR",950.00,N,N,A,-,N,,,,,,,,,,Y,2,0,1,1,A,-,08,22107,,N,E,I,A,A,H,-,A,D,0,,,,,Y,,A,07,1,0,0,0,0,0,0,0,0,"- ","- ",37.954879760742188,-120.36894989013672,TUOLUMNE,UNINCORPORATED,-120.36878967285156,37.954776763916016
91286148,2020,2020-08-14,9425,2020-08-04,1133,014853,,2,1,9,5500,0,1,3,,2,011,"SR-120 WESTBOUND","RUSHING HILL LOOKOUT RD",8976.00,W,N,A,-,Y,,,120,,,,,,W,Y,2,0,1,1,A,-,08,22107,,N,E,I,A,A,H,-,A,D,0,,,,,Y,,A,01,1,0,0,0,0,0,0,0,0,"- ","- ",37.850921630859375,-120.59284210205078,TUOLUMNE,UNINCORPORATED,-120.59282684326172,37.850738525390625
91288795,2020,2020-08-19,9425,2020-08-08,1834,019657,,6,2,9,5500,0,1,3,,2,013,"STATE ROUTE 49","SIERRA ROCK RD",1520.00,N,N,A,-,Y,,,49,,,,,,,Y,2,0,1,1,A,-,01,23152,A,N,F,A,A,A,H,-,A,D,0,,,,,Y,Y,D,22,1,0,0,0,0,0,0,0,0,"- ","- ",37.929740905761719,-120.44499206542969,TUOLUMNE,UNINCORPORATED,-120.44502258300781,37.92974853515625
91293707,2020,2020-08-27,9425,2020-08-17,0942,014853,,1,1,9,5500,0,3,5,,1,004,"OLD PRIEST GRADE","PRIEST STREET",1584.00,E,N,A,-,N,,,,,,,,,,Y,2,0,1,1,A,-,16,24002,A,N,E,I,A,A,H,-,A,D,0,,,,,Y,,E,22,1,0,0,0,0,0,0,0,0,"- ","- ",37.817478179931641,-120.28713226318359,TUOLUMNE,UNINCORPORATED,,
91297205,2020,2020-09-01,9425,2020-08-25,1729,016921,,2,2,9,5500,0,3,5,,2,003,"TUOLUMNE ROAD","TUOLUMNE ROAD NORTH",0.00,,Y,A,-,N,,,,,,,,,,N,2,0,1,2,A,-,12,21453,A,N,F,A,A,A,H,-,A,A,0,,Y,,,Y,Y,L,04,1,0,0,0,0,0,1,0,0,"- ","- ",37.965629577636719,-120.23959350585938,TUOLUMNE,UNINCORPORATED,-120.23961639404297,37.965480804443359
91297760,2020,2020-09-02,9425,2020-08-29,1351,016921,,6,1,9,5500,0,1,3,,2,031,"SR-108 W/B","SNOW BOWL ROAD",10032.00,E,N,A,-,Y,,,108,,,,,,W,Y,2,0,1,1,A,-,08,22107,,N,F,A,A,A,H,-,A,D,0,,,Y,,Y,,C,02,1,0,0,0,0,0,0,0,1,"- ","- ",38.123588562011719,-120.11180114746094,TUOLUMNE,UNINCORPORATED,-120.11177062988281,38.123554229736328
91302071,2020,2020-09-10,9425,2020-09-04,1652,017822,,5,2,9,5500,0,1,3,,2,032,"STATE ROUTE 108","CLARK FORK RD",2640.00,W,N,A,-,Y,,,108,,,,,,,Y,2,0,1,1,A,-,08,22107,,N,E,I,A,A,H,-,A,D,0,,,,,Y,,A,08,1,0,0,0,0,0,0,0,0,"- ","- ",38.339981079101562,-119.82994842529297,TUOLUMNE,UNINCORPORATED,-119.82994842529297,38.339977264404297
91318834,2020,2020-10-06,9425,2020-09-25,2025,019287,,5,2,9,5500,0,2,4,,2,025,"PARROTTS FERRY RD","SPRINGFIELD RD",463.00,S,N,A,-,N,,,,,,,,,,Y,2,0,1,1,A,-,08,22107,,N,F,A,A,A,H,-,D,D,0,,,Y,,Y,,C,02,1,0,0,0,0,0,0,0,1,"- ","- ",38.026660919189453,-120.40601348876953,TUOLUMNE,UNINCORPORATED,-120.40604400634766,38.026760101318359
91334133,2020,2020-10-29,9425,2020-07-29,1435,017461,,3,2,9,5500,0,3,5,,1,004,"FERRETTI ROAD","OTTER COURT",1056.00,W,N,A,-,N,,,,,,,,,,Y,1,1,0,1,A,-,08,22107,,N,E,I,A,A,H,-,A,D,0,,,,,Y,Y,D,22,0,0,0,0,0,0,0,0,0,"- ","- ",37.861110687255859,-120.19882202148438,TUOLUMNE,UNINCORPORATED,-120.19925689697266,37.861125946044922
91334213,2020,2020-10-29,9425,2020-10-23,1530,019287,,5,2,9,5500,0,1,3,,2,013,SR-49,SR-120,2700.00,N,N,A,-,Y,,,49,,,,,,,Y,2,0,1,1,A,-,01,23152,A,N,E,I,A,A,H,-,A,C,0,,,,,Y,Y,A,01,1,0,0,0,0,0,0,0,0,"- ","- ",37.881801605224609,-120.43743133544922,TUOLUMNE,UNINCORPORATED,-120.43749237060547,37.881736755371094
91336012,2020,2020-10-30,9425,2020-10-26,0542,016921,,1,3,9,5500,0,1,3,,2,013,SR-49,"RAWHIDE ROAD",0.00,,Y,A,-,Y,,,49,,,,,,,N,2,0,1,2,A,-,11,21954,A,N,G,B,D,A,H,-,D,A,0,Y,,,Y,Y,,N,60,1,0,0,0,1,0,0,0,0,"- ","- ",37.956008911132812,-120.42262268066406,TUOLUMNE,UNINCORPORATED,-120.42264556884766,37.956043243408203
91341185,2020,2020-11-06,9425,2020-10-29,1230,017461,,4,1,9,5500,0,1,3,,2,041,SR-120,"OLD PRIEST GRD",1584.00,E,N,A,-,Y,,,120,,,,,,,Y,2,0,1,1,A,-,08,22107,,N,F,A,A,A,H,-,A,D,0,,,Y,,Y,,C,02,1,0,0,0,0,0,0,0,1,"- ","- ",37.816211700439453,-120.29766082763672,TUOLUMNE,UNINCORPORATED,-120.297607421875,37.816219329833984
91346234,2020,2020-11-16,9425,2020-11-04,1425,014853,,3,2,9,5500,0,1,3,,2,013,"MAIN STREET",SR-49,6.00,S,N,A,-,Y,,,,,,,,,,N,2,0,1,2,A,-,21,22106,,N,C,C,A,A,H,-,A,A,0,,,Y,,Y,,J,48,1,0,0,0,0,0,0,0,1,"- ","- ",37.956558227539062,-120.42153167724609,TUOLUMNE,UNINCORPORATED,,
91400690,2021,2021-02-02,9425,2021-01-22,1439,019657,,5,2,9,5500,0,1,3,,2,011,"SR-120 E/B","RUSHING HILL LOOKOUT RD",3286.00,W,N,B,-,Y,,,120,,,,,,E,Y,2,0,1,1,A,-,08,22107,,N,F,A,A,B,H,-,A,D,0,,,,,Y,,A,01,1,0,0,0,0,0,0,0,0,"- ","- ",37.847301483154297,-120.57167816162109,TUOLUMNE,UNINCORPORATED,-120.57168579101562,37.847232818603516
91410866,2021,2021-02-18,9425,2021-02-09,2000,018251,,2,2,9,5500,0,1,3,,2,011,"STATE ROUTE 49","SIERRA ROCK ROAD",118.00,N,N,A,-,Y,,,49,,,,,,,Y,2,0,5,2,A,-,09,21804,A,N,D,C,A,A,H,-,D,D,0,,,,,Y,,A,01,1,4,0,0,0,0,0,0,0,"- ","- ",37.926200866699219,-120.44629669189453,TUOLUMNE,UNINCORPORATED,-120.44623565673828,37.926174163818359
91444014,2021,2021-05-11,9425,2021-03-26,2335,019773,,5,3,9,5500,0,1,3,,2,031,SR-108,"MONO WAY",250.00,E,N,A,-,Y,,,108,,,,,,,Y,2,0,1,1,A,-,01,23152,A,N,E,I,A,A,H,-,D,D,0,,,,,Y,Y,D,22,1,0,0,0,0,0,0,0,0,"- ","- ",37.982250213623047,-120.29711151123047,TUOLUMNE,UNINCORPORATED,-120.29712677001953,37.982208251953125
91453658,2021,2021-04-19,9425,2021-04-08,0600,014853,,4,1,9,5500,0,1,3,,2,011,SR-120,"SIMS ROAD",180.00,E,N,A,-,Y,,,120,,,,,,,Y,2,0,1,2,A,-,11,21954,A,N,G,B,E,A,H,-,D,D,0,Y,,,,Y,,N,60,1,0,0,0,1,0,0,0,0,"- ","- ",37.877628326416016,-120.44783782958984,TUOLUMNE,UNINCORPORATED,-120.44783782958984,37.877655029296875
91469209,2021,2021-05-10,9425,2021-05-01,2038,017461,,6,2,9,5500,0,1,3,,2,011,SR-120,"GREEN SPRINGS RD",5280.00,W,N,A,-,Y,,,120,,,,,,,Y,2,0,4,2,A,-,03,22350,,N,C,C,A,A,H,-,D,D,0,,,,,Y,,A,01,1,2,1,0,0,0,0,0,0,"- ","- ",37.843719482421875,-120.53494262695312,TUOLUMNE,UNINCORPORATED,-120.53494262695312,37.843772888183594
91472806,2021,2021-05-13,9425,2021-04-22,1630,016812,,4,2,9,5500,0,3,5,,2,002,"SAWMILL FLAT RD","DOUGLASVILLE MINE RD",115.00,E,N,A,-,N,,,,,,,,,,N,2,0,2,3,A,-,03,22350,,N,G,B,E,A,H,-,A,D,0,Y,,,,Y,,A,07,1,0,1,0,2,0,0,0,0,"- ","- ",38.019031524658203,-120.39357757568359,TUOLUMNE,UNINCORPORATED,-120.3935546875,38.019001007080078
91476396,2021,2021-05-19,9425,2021-05-05,0603,014853,,3,1,9,5500,0,3,5,,2,001,"JACKSONVILLE ROAD","OLD JACKSONVILLE ROAD",1584.00,S,N,A,-,N,,,,,,,,,,Y,2,0,1,1,A,-,08,22107,,N,F,A,A,A,H,-,A,D,0,,,,,Y,,A,01,1,0,0,0,0,0,0,0,0,"- ","- ",37.900909423828125,-120.40733337402344,TUOLUMNE,UNINCORPORATED,-120.40840148925781,37.907073974609375
91480899,2021,2021-05-25,9425,2021-04-29,1810,016812,,4,2,9,5500,0,2,4,,2,034,"TUOLUMNE RD","SOULSBYVILLE RD",2640.00,W,N,A,-,N,,,,,,,,,,Y,2,0,1,1,A,-,08,22107,,N,E,I,A,A,H,-,A,D,0,,,,,Y,,A,07,1,0,0,0,0,0,0,0,0,"- ","- ",37.964859008789062,-120.28115081787109,TUOLUMNE,UNINCORPORATED,-120.27984619140625,37.965171813964844
91560202,2021,2021-09-01,9425,2021-08-23,1930,019785,,1,2,9,5500,0,3,5,,2,003,"FOREST ROUTE 4N34","FOREST ROUTE 4N43",2112.00,W,N,A,-,N,,,,,,,,,,Y,2,0,1,1,A,-,08,22107,,N,F,A,A,A,B,-,D,D,0,,,,,Y,,A,07,1,0,0,0,0,0,0,0,0,"- ","- ",38.198429107666016,-119.89044952392578,TUOLUMNE,UNINCORPORATED,-120.39122009277344,37.981861114501953
91590452,2021,2021-10-07,9425,2021-08-26,0225,018822,,4,3,9,5500,0,1,3,,2,031,SR-108,"SOULSBYVILLE RD",2645.00,E,N,A,-,Y,,,108,,,,,,,Y,2,0,1,1,A,-,01,23152,A,N,E,I,A,A,H,-,C,D,0,,,,,Y,Y,A,07,1,0,0,0,0,0,0,0,0,"- ","- ",38.001350402832031,-120.26033020019531,TUOLUMNE,UNINCORPORATED,-120.26047515869141,38.001468658447266
91593174,2021,2021-10-11,9425,2021-10-07,1550,017461,,4,2,9,5500,0,1,3,,2,011,"STATE ROUTE 120","TULLOCH DAM RD",2112.00,W,N,A,-,Y,,,120,,,,,,,Y,2,0,1,1,A,-,08,22107,,N,E,I,A,A,H,-,A,D,0,,,,,Y,,A,01,1,0,0,0,0,0,0,0,0,"- ","- ",37.833091735839844,-120.62912750244141,TUOLUMNE,UNINCORPORATED,-120.62911224365234,37.83306884765625
91594407,2021,2021-10-12,9425,2021-06-23,0623,016921,,3,1,9,5500,0,1,3,,2,031,SR-108,"MONO WAY",3696.00,W,N,A,-,Y,,,,,,,,,,Y,1,1,1,6,A,-,08,22107,,N,B,E,E,A,D,-,A,D,0,Y,,,,Y,,A,01,0,1,0,0,1,0,0,0,0,"- ","- ",37.980991363525391,-120.31012725830078,TUOLUMNE,UNINCORPORATED,-120.29042053222656,37.98480224609375
91595005,2021,2021-10-13,9425,2021-09-18,1815,018822,,6,2,9,5500,0,3,5,,2,002,"PEACEFUL VALLEY ROAD","KIMBERLY LANE",815.00,N,N,A,-,N,,,,,,,,,,N,2,0,1,1,A,-,08,22107,,N,F,A,A,A,H,-,A,D,0,,Y,,,Y,,L,04,1,0,0,0,0,0,1,0,0,"- ","- ",37.978168487548828,-120.32054138183594,TUOLUMNE,UNINCORPORATED,-120.32225036621094,37.978603363037109
91615147,2021,2021-11-03,9425,2021-08-19,2018,019657,,4,2,9,5500,0,1,3,,2,031,"STATE ROUTE 108","LEISURE DRIVE",450.00,E,N,A,-,N,,,108,,,,,,,Y,2,0,1,1,A,-,08,22107,,F,F,A,A,A,H,-,D,D,0,,,Y,,Y,,C,02,1,0,0,0,0,0,0,0,1,"- ","- ",38.054489135742188,-120.20217132568359,TUOLUMNE,UNINCORPORATED,-120.20216369628906,38.054477691650391
91673790,2021,2022-01-07,9425,2021-02-28,1724,019657,,7,2,9,5500,0,1,3,,2,022,"STATE ROUTE 49","O'HARA DR",169.00,N,N,A,-,Y,,,49,,,,,,,N,1,1,0,2,A,-,03,22350,,F,G,B,E,A,H,-,A,D,0,Y,,,,Y,,A,07,0,0,0,1,0,0,0,0,0,"- ","- ",37.999031066894531,-120.38365936279297,TUOLUMNE,UNINCORPORATED,-120.38363647460938,37.999027252197266
91683592,2021,2022-01-24,9425,2021-11-27,1250,018822,,6,1,9,5500,0,1,3,,2,031,SR-108,"TUOLUMNE ROAD NORTH",0.00,,Y,A,-,Y,,,108,,,,,,,Y,2,0,1,3,A,-,09,21801,A,N,D,C,A,A,H,-,A,A,0,,,,,Y,,D,72,1,0,0,0,0,0,0,0,0,"- ","- ",38.039211273193359,-120.21759033203125,TUOLUMNE,UNINCORPORATED,-120.21759033203125,38.039207458496094
91729996,2021,2022-03-23,9425,2021-10-16,1727,016921,,6,2,9,5500,0,1,3,,1,021,SR-108,"SANGUINETTI ROAD",775.00,W,N,A,-,Y,,,108,,,,,,,Y,1,1,4,5,A,-,06,21755,A,N,B,2,A,A,H,-,A,D,0,,,,,Y,,D,22,0,1,3,0,0,0,0,0,0,"- ","- ",37.972698211669922,-120.36180114746094,TUOLUMNE,UNINCORPORATED,-120.36178588867188,37.972682952880859
91734954,2022,2022-04-08,9425,2022-02-26,0420,019489,,6,3,9,5500,0,2,4,,2,034,"TUOLUMNE ROAD","WOODHAM CARNE RD",200.00,E,N,A,-,N,,,,,,,,,,N,2,0,1,1,A,-,08,22107,,N,E,I,A,A,H,-,D,D,0,,,,,Y,,A,01,1,0,0,0,0,0,0,0,0,"- ","- ",37.963138580322266,-120.28346252441406,TUOLUMNE,UNINCORPORATED,-120.28376007080078,37.963153839111328
91735002,2022,2022-03-28,9425,2022-03-13,1840,017403,,7,2,9,5500,0,3,5,,1,004,"2ND GARROTTE RIDGE RD.","MERRELL RD.",2640.00,E,N,A,-,N,,,,,,,,,,N,2,0,2,1,A,-,08,22107,,N,E,I,A,A,H,-,B,D,0,,Y,,,Y,,-,"- ",1,1,0,0,0,0,2,0,0,"- ","- ",37.814949035644531,-120.21993255615234,TUOLUMNE,UNINCORPORATED,-120.2203369140625,37.815128326416016
91758149,2022,2022-04-27,9425,2022-04-07,1525,017461,,4,2,9,5500,0,3,5,,2,001,"JACKSONVILLE ROAD","PARK AVE",5280.00,N,N,A,-,N,,,,,,,,,,Y,2,0,1,1,A,-,08,22107,,N,E,I,A,A,H,-,A,D,0,,,,,Y,,D,22,1,0,0,0,0,0,0,0,0,"- ","- ",37.892169952392578,-120.40899658203125,TUOLUMNE,UNINCORPORATED,-120.40947723388672,37.89312744140625
91766605,2021,2022-05-06,9425,2021-11-24,1820,016540,,3,2,9,5500,0,2,4,,2,026,"MONO WAY","HILLSDALE DRIVE",441.00,E,N,A,-,N,,,,,,,,,,N,1,1,0,2,A,-,11,21950,B,N,G,B,E,A,H,-,D,D,0,Y,,,,Y,,N,60,0,0,0,1,0,0,0,0,0,"- ","- ",37.977241516113281,-120.32311248779297,TUOLUMNE,UNINCORPORATED,-120.32312774658203,37.977279663085938
91773756,2021,2022-05-17,9425,2021-07-10,2213,018644,,6,3,9,5500,0,3,5,,2,003,"TUOLUMNE ROAD NORTH","MARANATHA ROAD",425.00,N,N,A,-,N,,,,,,,,,,Y,1,1,0,1,A,-,01,23152,A,N,F,A,A,A,H,-,D,D,0,,,,,Y,Y,A,01,0,0,0,0,0,0,0,0,0,"- ","- ",37.998291015625,-120.23606872558594,TUOLUMNE,UNINCORPORATED,-120.23635864257812,37.998046875
91788227,2022,2022-06-03,9425,2022-05-19,1000,018822,,4,1,9,5500,0,3,5,,2,001,SR-49,"HUMBUG STREET",580.00,S,N,A,-,Y,TUO,,49,,,14.630,H,,R,N,2,0,1,2,D,-,00,,,N,G,B,D,A,H,-,A,D,0,Y,,,,Y,,-,"- ",1,0,0,0,1,0,0,0,0,"- ","- ",37.954769134521484,-120.42408752441406,TUOLUMNE,UNINCORPORATED,-120.42406463623047,37.954761505126953
91794850,2022,2022-06-14,9425,2022-06-10,1605,016886,,5,2,9,5500,0,3,5,,1,004,"BONDS FLAT ROAD","BLUE OAKS RECREATION AREA",1848.00,S,N,A,-,N,,,,,,,,,,N,2,0,1,1,A,-,08,22107,,N,E,I,A,A,H,-,A,A,0,,,Y,,Y,,C,02,1,0,0,0,0,0,0,0,1,"- ","- ",37.699020385742188,-120.43287658691406,TUOLUMNE,UNINCORPORATED,,
91802687,2022,2022-06-24,9425,2022-05-14,1830,019657,,6,2,9,5500,0,1,3,,2,011,"STATE ROUTE 120","STATE ROUTE 120 (YOSEMITE JUNCTION)",114.00,W,N,A,-,Y,TUO,,120,,,12.052,H,,R,Y,2,0,1,2,A,-,03,22350,,N,C,C,A,A,H,-,A,A,0,,,Y,,Y,,C,02,1,0,0,0,0,0,0,0,1,"- ","- ",37.891029357910156,-120.48870086669922,TUOLUMNE,UNINCORPORATED,-120.48873138427734,37.891082763671875
91803787,2022,2022-06-27,9425,2022-06-25,2315,018644,,6,3,9,5500,0,1,3,,2,013,SR-49,"SIERRA ROCK ROAD",75.00,S,N,A,-,Y,TUO,,49,,,12.107,H,,R,Y,2,0,2,1,A,-,01,23152,A,N,F,A,A,A,D,-,D,D,0,,,Y,,Y,Y,C,02,2,0,0,0,0,0,0,0,2,"- ","- ",37.925399780273438,-120.44669342041016,TUOLUMNE,UNINCORPORATED,-120.44655609130859,37.925365447998047
91804344,2022,2022-06-27,9425,2022-06-19,0420,018644,,7,3,9,5500,0,3,5,,2,002,"SAWMILL FLAT RD","MARCUS LANE",150.00,W,N,A,-,N,,,,,,,,,,Y,2,0,1,1,A,-,01,23152,A,N,F,A,A,A,H,-,D,D,0,,,Y,,Y,Y,C,02,1,0,0,0,0,0,0,0,1,"- ","- ",38.021549224853516,-120.38298797607422,TUOLUMNE,UNINCORPORATED,-120.38275909423828,38.0218505859375