CASE_ID,ACCIDENT_YEAR,PROC_DATE,JURIS,COLLISION_DATE,COLLISION_TIME,OFFICER_ID,REPORTING_DISTRICT,DAY_OF_WEEK,CHP_SHIFT,POPULATION,CNTY_CITY_LOC,SPECIAL_COND,BEAT_TYPE,CHP_BEAT_TYPE,CITY_DIVISION_LAPD,CHP_BEAT_CLASS,BEAT_NUMBER,PRIMARY_RD,SECONDARY_RD,DISTANCE,DIRECTION,INTERSECTION,WEATHER_1,WEATHER_2,STATE_HWY_IND,CALTRANS_COUNTY,CALTRANS_DISTRICT,STATE_ROUTE,ROUTE_SUFFIX,POSTMILE_PREFIX,POSTMILE,LOCATION_TYPE,RAMP_INTERSECTION,SIDE_OF_HWY,TOW_AWAY,COLLISION_SEVERITY,NUMBER_KILLED,NUMBER_INJURED,PARTY_COUNT,PRIMARY_COLL_FACTOR,PCF_CODE_OF_VIOL,PCF_VIOL_CATEGORY,PCF_VIOLATION,PCF_VIOL_SUBSECTION,HIT_AND_RUN,TYPE_OF_COLLISION,MVIW,PED_ACTION,ROAD_SURFACE,ROAD_COND_1,ROAD_COND_2,LIGHTING,CONTROL_DEVICE,CHP_ROAD_TYPE,PEDESTRIAN_ACCIDENT,BICYCLE_ACCIDENT,MOTORCYCLE_ACCIDENT,TRUCK_ACCIDENT,NOT_PRIVATE_PROPERTY,ALCOHOL_INVOLVED,STWD_VEHTYPE_AT_FAULT,CHP_VEHTYPE_AT_FAULT,COUNT_SEVERE_INJ,COUNT_VISIBLE_INJ,COUNT_COMPLAINT_PAIN,COUNT_PED_KILLED,COUNT_PED_INJURED,COUNT_BICYCLIST_KILLED,COUNT_BICYCLIST_INJURED,COUNT_MC_KILLED,COUNT_MC_INJURED,PRIMARY_RAMP,SECONDARY_RAMP,LATITUDE,LONGITUDE,COUNTY,CITY,POINT_X,POINT_Y
91813264,2022,2022-07-08,9425,2022-05-28,1500,019657,,6,2,9,5500,0,3,5,,2,001,"WILLIAMSON ROAD","FRENCH FLAT ROAD",100.00,W,N,A,-,N,,,,,,,,,,N,2,0,1,1,A,-,03,22350,,N,F,A,A,A,H,-,A,D,0,,Y,,,Y,,L,04,1,0,0,0,0,0,1,0,0,"- ","- ",37.970470428466797,-120.47225189208984,TUOLUMNE,UNINCORPORATED,-120.47218322753906,37.970455169677734
91819514,2022,2022-07-18,9425,2022-07-02,1955,019657,,6,2,9,5500,0,3,5,,2,003,"TWAIN HARTE DR","HIGHLAND DR",415.00,N,N,A,-,N,,,,,,,,,,Y,2,0,1,1,A,-,01,23152,A,N,F,A,A,A,H,-,A,D,0,,,,,Y,Y,D,22,1,0,0,0,0,0,0,0,0,"- ","- ",38.036380767822266,-120.23111724853516,TUOLUMNE,UNINCORPORATED,-120.2310791015625,38.036346435546875
91824058,2022,2022-07-25,9425,2022-07-17,0015,019773,,7,3,9,5500,0,2,4,,2,026,"MONO WAY","HESS AVE",0.00,,Y,A,-,N,,,,,,,,,,N,2,0,1,1,A,-,01,23152,A,N,E,I,A,A,H,-,C,A,0,,,,,Y,Y,A,01,1,0,0,0,0,0,0,0,0,"- ","- ",37.978908538818359,-120.33561706542969,TUOLUMNE,UNINCORPORATED,-120.33538818359375,37.978828430175781
91832215,2022,2022-08-03,9425,2022-08-02,0832,014853,,2,1,9,5500,0,1,3,,2,011,"SR-120 EASTBOUND","TULLOCH RD",957.00,W,N,A,-,Y,TUO,,120,,R,1.152,H,,R,Y,2,0,1,1,A,-,08,22107,,N,E,I,A,A,H,-,A,D,0,,,,,Y,,A,07,1,0,0,0,0,0,0,0,0,"- ","- ",37.836021423339844,-120.62677764892578,TUOLUMNE,UNINCORPORATED,-120.62673950195312,37.836009979248047
91842426,2022,2022-08-17,9425,2022-08-02,2145,019657,,2,2,9,5500,0,3,5,,2,001,"JACKSONVILLE RD","STATE ROUTE 120",2105.00,N,N,A,-,N,,,,,,,,,,Y,2,0,1,1,A,-,08,22107,,N,E,I,A,A,H,-,D,D,0,,,,,Y,,D,22,1,0,0,0,0,0,0,0,0,"- ","- ",37.834491729736328,-120.34349060058594,TUOLUMNE,UNINCORPORATED,-120.34354400634766,37.834377288818359
91857928,2022,2022-09-06,9425,2022-08-13,1800,019287,,6,2,9,5500,0,1,3,,2,031,SR-108,"FOREST ROUTE 4N39",0.00,,Y,A,-,Y,TUO,,108,,,25.106,H,,R,Y,2,0,2,2,A,-,01,23152,A,N,B,C,A,A,H,-,A,D,0,,,,,Y,Y,D,22,1,1,0,0,0,0,0,0,0,"- ","- ",38.147220611572266,-120.08116912841797,TUOLUMNE,UNINCORPORATED,-120.08114624023438,38.147129058837891
91872355,2022,2022-09-23,9425,2022-09-21,1618,018559,,3,2,9,5500,0,2,4,,2,026,"MONO WAY","CORDELIA AVE",528.00,W,N,B,-,N,,,,,,,,,,Y,2,0,1,2,A,-,09,21804,A,N,D,C,A,A,H,-,A,A,0,,,Y,,Y,,A,01,1,0,0,0,0,0,0,0,1,"- ","- ",37.978050231933594,-120.34078216552734,TUOLUMNE,UNINCORPORATED,-120.34076690673828,37.978099822998047
91873307,2022,2022-09-26,9425,2022-09-19,0002,019657,,1,3,9,5500,0,1,3,,2,031,"STATE ROUTE 108","SIERRA PARK RD",765.00,E,N,B,C,Y,TUO,,108,,,15.686,H,,R,Y,2,0,2,1,A,-,01,23152,A,N,E,8,A,B,H,-,D,D,0,,,,,Y,Y,A,07,1,1,0,0,0,0,0,0,0,"- ","- ",38.065578460693359,-120.18196105957031,TUOLUMNE,UNINCORPORATED,-120.18198394775391,38.06561279296875
91896104,2022,2022-10-21,9425,2022-10-13,1220,016921,,4,1,9,5500,0,2,4,,2,024,"TUOLUMNE ROAD","MONO WAY",20.00,E,N,A,-,N,,,,,,,,,,Y,2,0,1,2,A,-,03,22350,,N,B,C,A,A,H,-,A,A,0,,,Y,,Y,,C,02,1,0,0,0,0,0,0,0,1,"- ","- ",37.974628448486328,-120.34615325927734,TUOLUMNE,UNINCORPORATED,-120.34621429443359,37.974697113037109
91901399,2022,2022-10-27,9425,2022-10-15,1744,016886,,6,2,9,5500,0,1,3,,2,041,"STATE ROUTE 120","PRIEST COULTERVILLE ROAD",5280.00,W,N,A,-,Y,TUO,,120,,,28.221,H,,R,N,2,0,1,1,A,-,08,22107,,N,F,A,A,A,H,-,A,D,0,,,,,Y,,D,22,1,0,0,0,0,0,0,0,0,"- ","- ",37.82379150390625,-120.27715301513672,TUOLUMNE,UNINCORPORATED,-120.27720642089844,37.823753356933594
91961771,2022,2023-01-06,9425,2022-11-19,1230,016921,,6,1,9,5500,0,1,3,,2,013,SR-49,"CHICKEN RANCH ROAD",540.00,S,N,A,-,Y,TUO,,49,,,12.709,H,,R,N,1,1,0,2,A,-,06,21755,A,N,F,0,A,A,D,-,A,D,0,,,Y,,Y,,C,02,0,0,0,0,0,0,0,1,0,"- ","- ",37.933700561523438,-120.44405364990234,TUOLUMNE,UNINCORPORATED,-120.44412231445312,37.933723449707031
91998773,2023,2023-02-21,9425,2023-02-09,1530,019287,,4,2,9,5500,0,3,5,,2,002,"YANKEE HILL RD","RONEY RD",615.00,W,N,A,-,N,,,,,,,,,,N,2,0,1,1,A,-,08,22107,,N,F,A,A,A,H,-,A,D,0,,,Y,,Y,,C,02,1,0,0,0,0,0,0,0,1,"- ","- ",38.045658111572266,-120.20806884765625,TUOLUMNE,UNINCORPORATED,-120.38649749755859,38.038082122802734
92050757,2023,2023-04-21,9425,2023-04-12,1610,019918,,3,2,9,5500,0,3,5,,2,001,"JACKSONVILLE RD","OLD JACKSONVILLE RD",867.00,E,N,A,-,N,,,,,,,,,,Y,2,0,2,3,A,-,05,21460,A,N,A,C,A,A,H,-,A,D,0,,,,,Y,,A,01,2,0,0,0,0,0,0,0,0,"- ","- ",37.908458709716797,-120.41001892089844,TUOLUMNE,UNINCORPORATED,-120.4100341796875,37.908481597900391
92055027,2023,2023-04-27,9425,2023-04-17,1342,014853,,1,1,9,5500,0,2,4,,2,025,"PARROTTS FERRY ROAD","IRON CANYON COVE",3168.00,N,N,A,-,N,,,,,,,,,,N,2,0,1,1,A,-,03,22350,,N,F,A,A,A,H,-,A,D,0,,,Y,,Y,,C,02,1,0,0,0,0,0,0,0,1,"- ","- ",38.053489685058594,-120.43167877197266,TUOLUMNE,UNINCORPORATED,-120.43080902099609,38.052600860595703
92092618,2023,2023-06-13,9425,2023-06-07,1425,019918,,3,2,9,5500,0,1,3,,1,021,SR-108,"LIME KILN RD",440.00,E,N,B,-,Y,TUO,,108," ",R,1.001,H,,R,Y,2,0,4,3,A,-,01,23152,A,N,C,C,A,A,H,-,A,D,0,,,,,Y,Y,D,22,1,1,2,0,0,0,0,0,0,"- ","- ",37.968578338623047,-120.37706756591797,TUOLUMNE,UNINCORPORATED,-120.37704467773438,37.968547821044922
92101038,2023,2023-06-23,9425,2023-06-06,1959,021468,,2,2,9,5500,0,2,4,,2,026,"MONO WAY","HESS AVE",135.00,W,N,A,-,N,,,,,,,,,,Y,2,0,1,2,A,-,08,22102,,N,D,C,A,A,H,-,A,D,0,,,Y,,Y,,A,07,1,0,0,0,0,0,0,0,1,"- ","- ",37.978778839111328,-120.33598327636719,TUOLUMNE,UNINCORPORATED,-120.33585357666016,37.978775024414062
92113247,2023,2023-07-10,9425,2023-06-29,2344,016886,,4,3,9,5500,0,3,5,,1,004,"FERRETTI ROAD","PHELAN MOGAN ROAD",1584.00,N,N,A,-,N,,,,,,,,,,Y,2,0,1,2,A,-,01,23152,A,N,E,8,A,A,H,-,D,D,0,,,,,Y,Y,A,07,1,0,0,0,0,0,0,0,0,"- ","- ",37.864208221435547,-120.22415924072266,TUOLUMNE,UNINCORPORATED,-120.2252197265625,37.863292694091797
92116869,2023,2023-07-14,9425,2023-07-08,1050,016886,,6,1,9,5500,0,1,3,,2,041,"STATE ROUTE 120","GRIZZLY ROAD",4752.00,E,N,A,-,Y,TUO,,120," "," ",26.451,H,,R,Y,2,0,1,1,A,-,08,22107,,N,F,A,A,A,H,-,A,D,0,,,Y,,Y,,C,02,1,0,0,0,0,0,0,0,1,"- ","- ",37.819629669189453,-120.29376220703125,TUOLUMNE,UNINCORPORATED,-120.29379272460938,37.819633483886719
92147757,2023,2023-08-18,9425,2023-08-06,"305 ",020575,,7,3,9,5500,0,1,3,,2,011,SR-120,"LA GRANGE ROAD",1056.00,W,N,A,-,Y,TUO,,120," "," ",7.712,H,,R,Y,2,0,4,2,A,-,05,21460,A,N,B,C,A,A,H,-,D,D,0,,,,,Y,Y,A,01,1,0,3,0,0,0,0,0,0,"- ","- ",37.840988159179688,-120.51596832275391,TUOLUMNE,UNINCORPORATED,-120.51596832275391,37.840984344482422
92160883,2023,2023-09-21,9425,2023-08-27,1253,016921,,7,1,9,5500,0,3,5,,2,002,"SPRINGFIELD ROAD","HORSESHOE BEND RD",125.00,W,N,A,-,N,,,,,,,,,,Y,1,1,0,1,A,-,08,22107,,N,E,8,A,A,H,-,A,D,0,,,Y,,Y,,C,03,0,0,0,0,0,0,0,1,0,"- ","- ",38.021400451660156,-120.41298675537109,TUOLUMNE,UNINCORPORATED,-120.41286468505859,38.021385192871094
92170138,2023,2023-09-14,9425,2023-05-28,1705,019918,,7,2,9,5500,0,1,3,,2,013,"SR-49 S/B","PEOPLE OF THE MOUNTAIN ROAD",150.00,N,N,B,-,Y,TUO,,49," "," ",12.155,H,,L,Y,1,1,1,2,A,-,01,23152,A,N,E,8,A,A,H,-,A,A,0,,,,,Y,Y,A,07,0,1,0,0,0,0,0,0,0,"- ","- ",37.926048278808594,-120.44640350341797,TUOLUMNE,UNINCORPORATED,-120.4462890625,37.926025390625
92208292,2023,2024-06-27,9425,2023-10-04,2335,018644,,3,3,9,5500,0,3,5,,2,001,"MAIN STREET","HUMBUG STREET",121.00,S,N,A,-,N,,,,,,,,,,N,2,0,1,3,A,-,03,22350,,F,G,B,E,A,H,-,D,D,0,Y,,,,Y,,A,01,1,0,0,0,1,0,0,0,0,"- ","- ",37.955371856689453,-120.42221069335938,TUOLUMNE,UNINCORPORATED,-120.42212677001953,37.955440521240234
92227849,2023,2023-11-03,9425,2023-10-23,"45  ",018644,,1,3,9,5500,0,3,5,,2,001,"5TH AVE",SR-49/108,13.00,E,N,B,-,Y,TUO,,49," "," ",15.031,H,,R,N,2,0,1,2,A,-,01,23152,A,N,G,B,E,B,H,-,D,B,0,Y,,,,Y,Y,A,01,1,0,0,0,1,0,0,0,0,"- ","- ",37.958248138427734,-120.41822052001953,TUOLUMNE,UNINCORPORATED,-120.41825103759766,37.958282470703125
92231050,2023,2023-11-08,9425,2023-10-13,1240,016921,,5,1,9,5500,0,1,3,,2,032,SR-108,"KENNEDY MEADOW ROAD",3696.00,W,N,A,-,Y,TUO,,108," "," ",57.278,H,,R,Y,1,1,0,1,A,-,08,22107,,N,E,8,A,A,H,-,A,D,0,,,Y,,Y,,C,02,0,0,0,0,0,0,0,1,0,"- ","- ",38.331619262695312,-119.75971984863281,TUOLUMNE,UNINCORPORATED,-119.75972747802734,38.331577301025391
92235853,2023,2023-11-14,9425,2023-10-22,1510,018559,,7,2,9,5500,0,1,3,,2,031,SR-108,"SIERRA PARK RD",1056.00,E,N,A,-,Y,TUO,,108," "," ",15.738,H,,R,Y,2,0,1,1,A,-,01,23152,A,N,E,8,A,A,H,-,A,D,0,,,,,Y,Y,A,01,1,0,0,0,0,0,0,0,0,"- ","- ",38.066181182861328,-120.18138122558594,TUOLUMNE,UNINCORPORATED,-120.18144226074219,38.066184997558594
92246368,2023,2023-11-28,9425,2023-11-23,1750,021474,,4,2,9,5500,0,1,3,,2,013,SR-49,"WOODS WAY",85.00,N,N,A,-,Y,TUO,,49," "," ",14.088,H,,R,N,2,0,1,2,A,-,11,21954,A,N,G,B,E,A,H,-,D,D,0,Y,,,,Y,,N,60,1,0,0,0,1,0,0,0,0,"- ","- ",37.947219848632812,-120.42597198486328,TUOLUMNE,UNINCORPORATED,-120.42600250244141,37.947227478027344
92246882,2023,2023-11-28,9425,2023-09-24,1915,018559,,7,2,9,5500,0,3,5,,2,003,"BUCHANAN RD","CANYON DR",896.00,E,N,A,-,N,,,,,,,,,,Y,1,1,0,1,A,-,08,22107,,N,F,0,A,A,H,-,D,D,0,,,Y,,Y,,C,02,0,0,0,0,0,0,0,1,0,"- ","- ",37.971199035644531,-120.22309112548828,TUOLUMNE,UNINCORPORATED,-120.22290802001953,37.971103668212891
92295019,2023,2024-01-23,9425,2023-11-23,"955 ",016921,,4,1,9,5500,0,1,3,,2,031,SR-108,"MONO WAY",0.00,,Y,A,-,Y,TUO,,108," ",R,5.557,H,,R,Y,1,1,0,1,A,-,03,22350,,N,E,8,A,A,H,-,A,A,0,,,,,Y,,A,07,0,0,0,0,0,0,0,0,0,"- ","- ",37.981910705566406,-120.29817962646484,TUOLUMNE,UNINCORPORATED,-120.29817962646484,37.982017517089844
92349930,2023,2024-03-28,9425,2023-12-26,1915,019489,,2,2,9,5500,0,1,3,,1,044,"STATE ROUTE 132","ZAZAMORA STREET",3168.00,W,N,A,-,Y,TUO,,132," ",R,5.150,H,,R,Y,1,1,1,1,A,-,01,23152,A,N,E,8,A,A,H,-,D,D,0,,,,,Y,Y,A,01,1,0,0,0,0,0,0,0,0,"- ","- ",37.673969268798828,-120.34291839599609,TUOLUMNE,UNINCORPORATED,-120.34291839599609,37.674003601074219
92353764,2024,2024-04-03,9425,2024-02-01,1718,022143,,4,2,9,5500,0,1,3,,2,031,SR-108,"BALD MTN HELIPORT RD",100.00,E,N,B,D,Y,TUO,,108," "," ",24.013,H,,R,Y,2,0,1,1,A,-,08,22107,,N,E,8,A,C,H,-,D,D,0,,,,,Y,Y,D,22,1,0,0,0,0,0,0,0,0,"- ","- ",38.136428833007812,-120.09382629394531,TUOLUMNE,UNINCORPORATED,-120.09378051757812,38.136344909667969
92353863,2023,2024-04-03,9425,2023-11-18,1422,021468,,6,2,9,5500,0,3,5,,2,001,"RAWHIDE ROAD","RIMROCK ROAD",510.00,N,N,B,C,N,,,,,,,,,,Y,1,1,1,1,A,-,08,22107,,N,E,8,A,B,H,-,A,D,0,,,,,Y,,A,07,0,1,0,0,0,0,0,0,0,"- ","- ",37.985309600830078,-120.44361114501953,TUOLUMNE,UNINCORPORATED,-120.44364166259766,37.985233306884766
92390974,2024,2024-05-15,9425,2024-05-09,2325,019287,,4,3,9,5500,0,3,5,,2,001,"JAMESTOWN RD","RATTO RD",43.00,S,N,A,-,N,,,,,,,,,,Y,2,0,2,1,A,-,01,23152,A,N,E,I,A,A,H,-,D,D,0,,,,,Y,Y,A,01,1,0,1,0,0,0,0,0,0,"- ","- ",37.998741149902344,-120.41023254394531,TUOLUMNE,UNINCORPORATED,-120.41018676757812,37.998752593994141
92395469,2024,2024-05-21,9425,2024-05-09,"108 ",019918,,4,3,9,5500,0,1,3,,2,031,SR-108,"ARGYLE RD",235.00,E,N,A,-,Y,TUO,,108," "," ",5.690,H,,R,Y,2,0,1,1,A,-,01,23152,A,N,E,I,A,A,H,-,A,D,0,,,,,Y,Y,A,01,1,0,0,0,0,0,0,0,0,"- ","- ",37.981941223144531,-120.29473876953125,TUOLUMNE,UNINCORPORATED,-120.29475402832031,37.98199462890625
92396236,2024,2024-05-22,9425,2024-05-10,1127,016886,,5,1,9,5500,0,1,3,,2,041,"STATE ROUTE 120","MOCCASIN CREEK",218.00,W,N,A,-,Y,TUO,,120," ",R,24.052,H,,R,Y,2,0,2,3,A,-,05,21460,A,N,B,2,A,A,H,-,A,D,0,,,,Y,Y,,A,01,1,1,0,0,0,0,0,0,0,"- ","- ",37.814460754394531,-120.30899047851562,TUOLUMNE,UNINCORPORATED,-120.30899047851562,37.814453125
92402494,2024,2024-05-30,9425,2024-05-21,1820,021468,,2,2,9,5500,0,1,3,,2,031,SR-108,"KOINONIA CT",270.00,W,N,A,-,Y,TUO,,108," "," ",15.778,H,,R,Y,2,0,2,1,A,-,01,23152,A,N,E,I,A,A,H,-,A,D,0,,,,,Y,Y,A,07,2,0,0,0,0,0,0,0,0,"- ","- ",38.066780090332031,-120.18148040771484,TUOLUMNE,UNINCORPORATED,-120.18154907226562,38.066757202148438
92417385,2024,2024-06-18,9425,2024-05-24,2140,020575,,5,2,9,5500,0,2,4,,2,034,"TUOLUMNE ROAD","NUGGETT BLVD",113.00,E,N,A,-,N,,,,,,,,,,Y,2,0,2,2,A,-,09,21804,,N,D,C,A,A,H,-,C,D,0,,,,,Y,,A,01,2,0,0,0,0,0,0,0,0,"- ","- ",37.961318969726562,-120.32453155517578,TUOLUMNE,UNINCORPORATED,-120.32489776611328,37.961578369140625
9279489,2021,2021-06-14,5501,2021-01-11,1853,MP1,5501,1,5,2,5501,0,0,0,,0,001,"SOUTH WASHINGTON ST","GOLD ST",22.00,S,N,A,-,N,,,,,,,,,,Y,2,0,2,3,A,-,01,23153,A,N,G,B,B,A,H,-,C,D,0,Y,,,,Y,,A,01,1,0,1,0,2,0,0,0,0,"- ","- ",37.980720520019531,-120.38144683837891,TUOLUMNE,SONORA,-120.3818359375,37.980800628662109
93764262,2024,2024-08-06,9425,2024-07-25,1700,016886,,4,2,9,5500,0,3,5,,1,004,"PRIEST COULTERVILLE ROAD","STATE ROUTE 120",1584.00,S,N,A,-,N,,,,,,,,,,Y,2,0,2,1,A,-,08,22107,,N,E,I,A,A,H,-,A,D,0,,,,,Y,,D,22,2,0,0,0,0,0,0,0,0,"- ","- ",37.811779022216797,-120.26728820800781,TUOLUMNE,UNINCORPORATED,-120.26805877685547,37.811569213867188
94302426,2024,2024-08-13,9425,2024-07-28,"15  ",022547,,7,3,9,5500,0,2,4,,2,025,"PARROTTS FERRY RD.","NORTH AIRPORT RD.",225.00,N,N,A,-,N,,,,,,,,,,Y,2,0,1,1,A,-,01,23152,A,N,E,8,A,A,H,-,D,D,0,,,,,Y,Y,A,01,1,0,0,0,0,0,0,0,0,"- ","- ",38.040660858154297,-120.40614318847656,TUOLUMNE,UNINCORPORATED,-120.40629577636719,38.040847778320312
94357004,2024,2024-08-16,9425,2024-07-31,2220,021468,,3,3,9,5500,0,3,5,,2,002,"SAWMILL FLAT RD","COVINGTON MINE ROAD",0.00,,Y,A,-,N,,,,,,,,,,Y,2,0,1,1,A,-,08,22107,,N,E,I,A,A,H,-,D,D,0,,,,,Y,,A,01,1,0,0,0,0,0,0,0,0,"- ","- ",38.028041839599609,-120.37760925292969,TUOLUMNE,UNINCORPORATED,,
94377444,2024,2024-08-30,9425,2024-08-12,"240 ",020575,,1,3,9,5500,0,1,3,,2,013,SR-49,SR-108,150.00,S,N,A,-,Y,TUO,,49," ",R,12.243,H,,R,Y,2,0,1,1,A,-,01,23152,A,N,E,I,A,A,H,-,D,D,0,,,,,Y,Y,D,22,1,0,0,0,0,0,0,0,0,"- ","- ",37.918529510498047,-120.45159912109375,TUOLUMNE,UNINCORPORATED,-120.45161437988281,37.918533325195312
94416153,2024,2024-10-02,9425,2024-09-06,2009,019773,,5,2,9,5500,0,3,5,,2,002,"LIME KILN RD","DUSTY TRAIL",4070.00,S,N,A,-,N,,,,,,,,,,N,2,0,2,1,A,-,08,22107,,N,F,A,A,A,H,-,D,D,0,,,Y,,Y,,-,"- ",2,0,0,0,0,0,0,0,2,"- ","- ",37.956520080566406,-120.37036895751953,TUOLUMNE,UNINCORPORATED,-120.37050628662109,37.956588745117188
94593152,2025,2025-02-28,9425,2025-02-19,1705,019489,,3,2,9,5500,0,3,5,,2,001,"JACKSONVILLE RD",SR-120,1988.00,N,N,A,-,N,,,,,,,,,,Y,2,0,1,1,A,-,08,22107,,N,E,I,A,A,H,-,A,D,0,,,Y,,Y,,C,02,1,0,0,0,0,0,0,0,1,"- ","- ",37.833530426025391,-120.34308624267578,TUOLUMNE,UNINCORPORATED,-120.34342193603516,37.834072113037109
94604016,2025,2025-03-18,9425,2025-03-09,1419,018821,,7,2,9,5500,0,2,4,,2,023,"PHOENIX LAKE RD","MCKAMEY CT",30.00,E,N,A,-,N,,,,,,,,,,N,2,0,1,2,A,-,03,22350,,N,F,0,A,A,H,-,A,D,0,,,Y,,Y,,C,02,1,0,0,0,0,0,0,0,1,"- ","- ",38.004650115966797,-120.30838775634766,TUOLUMNE,UNINCORPORATED,-120.30840301513672,38.004669189453125
94639338,2025,2025-04-07,9425,2025-03-19,1905,021468,,3,2,9,5500,0,3,5,,2,003,"N. SUNSHINE RD",SR-108,400.00,W,N,B,-,N,,,,,,,,,,Y,2,0,1,1,A,-,08,22107,,N,F,A,A,A,H,-,A,D,0,,,Y,,Y,,C,02,1,0,0,0,0,0,0,0,1,"- ","- ",37.992580413818359,-120.27606201171875,TUOLUMNE,UNINCORPORATED,-120.27767181396484,37.991397857666016
94680844,2025,2025-05-08,9425,2025-05-01,2138,021468,,4,2,9,5500,0,2,4,,2,014,"LA GRANGE RD","OLD DON PEDRO RD",15840.00,S,N,A,-,N,,,,,,,,,,Y,2,0,1,1,A,-,01,23152,A,N,E,I,A,A,H,-,D,D,0,,,,,Y,Y,A,01,1,0,0,0,0,0,0,0,0,"- ","- ",37.782798767089844,-120.46430969238281,TUOLUMNE,UNINCORPORATED,-120.46412658691406,37.784267425537109
94713011,2025,2025-06-04,9425,2025-06-03,"45  ",016812,,2,3,9,5500,0,3,5,,2,002,"CABEZUT RD","SYLVA LN",0.00,,Y,A,-,N,,,,,,,,,,N,2,0,2,1,A,-,17,21200,,N,E,8,A,A,H,-,D,A,0,,Y,,,Y,Y,M,91,1,1,0,0,0,0,1,0,0,"- ","- ",37.987789154052734,-120.36469268798828,TUOLUMNE,UNINCORPORATED,-120.36463928222656,37.98779296875
94741477,2025,2025-06-27,9425,2025-06-19,2040,022547,,4,2,9,5500,0,1,3,,1,021,SR-108,"LIME KILN RD.",0.00,,Y,A,-,Y,TUO,,108," ",R,0.911,H,,R,Y,2,0,2,2,A,-,09,21453,C,N,A,2,A,A,H,-,C,A,0,,,,,Y,,D,22,1,1,0,0,0,0,0,0,0,"- ","- ",37.967769622802734,-120.37835693359375,TUOLUMNE,UNINCORPORATED,-120.37838745117188,37.967792510986328
94744030,2025,2025-06-30,9425,2025-06-14,2240,021468,,6,3,9,5500,0,3,5,,2,001,"JAMESTOWN RD","WHISKEY CREEK RD",1584.00,S,N,A,-,N,,,,,,,,,,Y,2,0,2,1,A,-,01,23152,A,N,E,I,A,A,H,-,D,D,0,,,Y,,Y,Y,C,02,2,0,0,0,0,0,0,0,2,"- ","- ",37.982860565185547,-120.41719818115234,TUOLUMNE,UNINCORPORATED,-120.41719055175781,37.983291625976562
94753465,2025,2025-07-08,9425,2025-06-26,1425,019918,,4,2,9,5500,0,1,3,,2,031,SR-108,"GEORGES DRIVE",331.00,E,N,A,-,Y,TUO,,108," "," ",31.892,H,,R,Y,2,0,4,2,A,-,08,22107,,N,A,C,A,A,H,-,A,D,0,,,,,Y,,A,01,1,3,0,0,0,0,0,0,0,"- ","- ",38.20037841796875,-120.01418304443359,TUOLUMNE,UNINCORPORATED,-120.01417541503906,38.200366973876953
9556863,2022,2023-04-11,5501,2022-12-23,0841,EW1,5501,5,5,2,5501,0,0,0,,0,001,"RT 49","MILL VILLA ST",0.00,,N,A,-,Y,TUO,10,49,-,-,16.750,H,-,N,N,2,0,1,1,A,-,03,22350,,N,A,I,A,A,H,-,A,D,0,,,,,Y,,A,01,1,0,0,0,0,0,0,0,0,"- ","- ",37.976749420166016,-120.39163970947266,TUOLUMNE,SONORA,-120.39511108398438,37.968585968017578
9570441,2022,2023-04-11,5501,2022-11-12,1555,MP1,5501,6,5,2,5501,0,0,0,,0,001,"MONO WY","GREENLEY RD",771.00,E,N,A,-,N,,,,,,,,,,Y,2,0,1,2,A,-,09,21801,,N,D,C,A,A,H,-,B,D,0,,,Y,,Y,,A,07,1,0,0,0,0,0,0,0,1,"- ","- ",37.975730895996094,-120.36263275146484,TUOLUMNE,SONORA,-120.36626434326172,37.975898742675781
9570780,2022,2023-04-12,5501,2022-12-06,1047,AS1,5501,2,5,2,5501,0,0,0,,0,002,"HOPE LN","LYONS ST",23.00,N,N,A,-,N,,,,,,,,,,N,2,0,2,1,A,-,03,22350,,N,F,A,A,A,H,-,A,A,0,,,,,Y,,M,47,1,1,0,0,0,0,0,0,0,"- ","- ",37.987659454345703,-120.37889099121094,TUOLUMNE,SONORA,-120.37886810302734,37.987743377685547
9598456,2023,2023-08-01,5501,2023-02-15,1552,RW2,5501,3,5,2,5501,0,0,0,,0,001,"SOUTH WASHINGTON ST","WILLIAM ST",5.00,N,N,A,-,N,,,,,,,,,,N,2,0,1,2,A,-,08,22107,,N,C,C,A,A,H,-,A,D,0,,,,,Y,,A,01,1,0,0,0,0,0,0,0,0,"- ","- ",37.976589202880859,-120.37995147705078,TUOLUMNE,SONORA,-120.38138580322266,37.979721069335938
9605811,2023,2023-08-08,5501,2023-01-18,"713 ",RW2,5501,3,5,2,5501,0,0,0,,0,001,SNELL,"88TELEPHONE POLE 110393207",88.00,N,N,A,F,N,,,,,,,,,,N,2,0,1,1,A,-,03,22350,,N,E,I,A,C,H,-,A,D,0,,,,,Y,,A,01,1,0,0,0,0,0,0,0,0,"- ","- ",37.987380981445312,-120.38478088378906,TUOLUMNE,SONORA,,